ligand_id	label_id	docking_score_vina	docking_score_diffdock
propanidid	Prestwick	0.0484562105386038	2.923494818128044
cilostazol	Prestwick	1.650259678349573	2.8641466337639008
ibuprofen_piconol	Prestwick	0.7414844066114206	2.7901406867820344
ketanserin	Prestwick	2.012754750824657	2.715419538691337
rosiglitazone	Prestwick	0.7396248515394754	2.649035367934472
ethotoin	Prestwick	-0.1581712582241883	2.633105757592088
tranilast	Prestwick	0.8514477111240865	2.5561973361095984
flufenamic_acid	Prestwick	0.7107930374421367	2.4926421938285417
niflumic_acid	Prestwick	0.6257120550720151	2.4659174191489948
diclofenac_sodium	Prestwick	0.2469340535178437	2.415748986353236
toltrazuril	Prestwick	1.4648289646296593	2.151199965192199
triclabendazole	Prestwick	0.5719343143756633	2.123101294688086
rolipram	Prestwick	0.3471608049691377	2.110044968322142
benperidol	Prestwick	1.6885647017676653	2.1042241757063005
tolcapone	Prestwick	0.8366256251747903	2.1013614921865287
gabexate	Prestwick	-0.030672948160325	2.10132435687218
roxatidine_acetate_hydrochloride	Prestwick	0.5269997873016908	2.0941633861700937
tolfenamic_acid	Prestwick	0.6014881123427933	2.0829508343111454
furazolidone	Prestwick	-0.6069284462139339	2.0815503881292616
phthalylsulfacetamide	Prestwick	1.047727785495009	2.078843675058081
tinoridine	Prestwick	0.3639225063989104	2.054695923976039
aceclofenac	Prestwick	0.3309464039981166	2.0281237078775174
ivermectin	Prestwick	-8.680263318571875	2.0242045398977795
dantrolene	Prestwick	0.869317884335408	2.0238067296265765
epalrestat	Prestwick	0.4488037724468871	1.9837020955605045
meptazinol_hydrochloride	Prestwick	-0.293638283140906	1.9443165034560808
carmofur	Prestwick	-0.1182282480157984	1.9346161813832847
orotic_acid	Prestwick	-1.1567465462402826	1.9125683161352671
zafirlukast	Prestwick	1.8221115854740244	1.9070558189641311
benzbromarone	Prestwick	0.5876946773524049	1.853941417387916
diflunisal	Prestwick	0.7171473761282685	1.8264952291262109
digitoxigenin	Prestwick	0.0010910395228988	1.810786883403524
clonixin	Prestwick	0.4729735930787566	1.8106112478300969
tetracaine_hydrochloride	Prestwick	-0.4774455673180122	1.8076300953968207
etiroxate	Prestwick	-0.1520472555577451	1.7974264903808288
digoxigenin	Prestwick	-0.0517741095166844	1.796586567323166
ciclesonide	Prestwick	-0.9359081880078676	1.7689941894967085
atovaquone	Prestwick	2.420982299291137	1.7518336262343026
bisacodyl	Prestwick	0.678026622964224	1.7365751087606744
nevirapine	Prestwick	0.3862918629609541	1.6823796892384533
monensin	Prestwick	-0.0611634907023948	1.6737746162379945
ethacrynic_acid	Prestwick	0.0183104502378968	1.670353165675227
tiaprofenic_acid	Prestwick	0.1891695622422081	1.6528043052043802
fenbufen	Prestwick	0.3502451100813176	1.6445946836944247
ufenamate	Prestwick	0.6878815108430919	1.6333200334210458
droperidol	Prestwick	1.773964188059598	1.6182187407025928
meclofenoxate	Prestwick	-0.7289625317481001	1.6177093872711592
anisindione	Prestwick	0.523096776985371	1.617174336561523
pioglitazone	Prestwick	1.062685184803051	1.6109650377814468
nabumetone	Prestwick	0.0274341114043255	1.5957819600938867
albendazole	Prestwick	-0.3126415226577106	1.582685973542541
acetaminosalol	Prestwick	0.5692865186631277	1.5636284495877135
carprofen	Prestwick	0.7283947626502341	1.560656562407163
triclosan	Prestwick	0.255138065020863	1.5075078481235793
phthalylsulfathiazole	Prestwick	0.9829704443214988	1.5039782514120177
calcipotriene	Prestwick	1.5841894359950297	1.4944775426434698
bezafibrate	Prestwick	0.8964456648429133	1.4908431469932446
diflorasone_diacetate	Prestwick	-0.4111970463512452	1.4834446624972697
aniracetam	Prestwick	-0.1945764422566716	1.4724130877232988
fenbendazole	Prestwick	0.3955438856231967	1.471168102102959
pranlukast	Prestwick	1.3414628020675412	1.452753247900878
ibutilide_fumarate	Prestwick	0.0255223648659947	1.4434090300086395
ipriflavone	Prestwick	0.7488179920105406	1.4425171730547524
pirenperone	Prestwick	1.9019112628408843	1.438627522242805
doxofylline	Prestwick	-0.2411230920682121	1.4381842569452394
nimodipine	Prestwick	-0.1543974628400725	1.4339944276980467
idebenone	Prestwick	-0.1293052249376922	1.4306768571330188
ethoxzolamide	Prestwick	-0.5750214085639175	1.426815563871706
indometacin_farnesil	Prestwick	1.7360682310993507	1.426316561084353
tazarotene	Prestwick	0.5110909852405284	1.401436100903625
esmolol_hydrochloride	Prestwick	-0.1040719311964106	1.3930108645748822
repirinast	Prestwick	1.168093378189387	1.3835561759824428
talampicillin_hydrochloride	Prestwick	1.25415998571124	1.3826490174813608
nicergoline	Prestwick	0.7923710978423354	1.372689845049537
clofibric_acid	Prestwick	-0.7723787745355108	1.351798599818544
irinotecan	Prestwick	1.5415729805247826	1.3515564428209774
nitazoxanide	Prestwick	0.2368508246884984	1.3439271663713162
loteprednol_etabonate	Prestwick	-0.6500050985824696	1.3300873199189942
ebrotidine	Prestwick	0.3380463754607821	1.3132276504866205
moguisteine	Prestwick	-0.1599808689119997	1.3115291757446943
phensuximide	Prestwick	-0.22628285726256	1.3074728075570188
meclofenamate_sodium	Prestwick	0.4198248537513542	1.303903304203673
mexenone	Prestwick	0.3090234901283398	1.3008910746278493
etomidate	Prestwick	-0.2138671043600737	1.2999710367226769
niclosamide	Prestwick	0.8254474739597149	1.2861600159671374
clevidipine	Prestwick	-0.4640877605191403	1.281141923958271
hydrocortisone_acetate	Prestwick	0.1434103211091788	1.2790246722253436
parbendazole	Prestwick	0.0123046149935683	1.2724708623869596
haloprogin	Prestwick	-0.7608634093112843	1.2695797064912502
acemetacin	Prestwick	0.5823983136374468	1.267352333752314
troglitazone	Prestwick	1.4906230094329682	1.2637792298912065
mifepristone	Prestwick	-1.6672067775146546	1.2557939799086906
bifonazole	Prestwick	1.385283878861748	1.2548144723051131
malotilate	Prestwick	-0.8341210787764733	1.24527243111631
ubenimex	Prestwick	0.3692682002859588	1.2446885572644708
norgestimate	Prestwick	-0.5343331792565077	1.2432604990284597
celecoxib	Prestwick	0.347768781907944	1.238262389540302
disulfiram	Prestwick	-1.451931440166668	1.2310467936524172
tirofiban_hydrochloride	Prestwick	0.5424909452292422	1.2301862738220162
suplatast	Prestwick	-0.3896111031116608	1.2257341021634345
safinamide	Prestwick	0.6059099175354733	1.214509142543161
methiazole	Prestwick	-0.2242842470934272	1.2074573897542242
mevastatin	Prestwick	0.7830958785504315	1.203309051841276
dilevalol	Prestwick	0.9266864857187508	1.2024593284706324
papaverine_hydrochloride	Prestwick	0.526747343278195	1.1984821527030387
bucetin	Prestwick	-0.4677045610139995	1.1969267938003487
phenindione	Prestwick	0.5513413356312835	1.193808197240572
busulfan	Prestwick	-1.58317570798039	1.1933962509039415
bimatoprost	Prestwick	0.9236095539283504	1.1921545631575925
eletriptan	Prestwick	1.440471604436354	1.1872697952182265
fenofibrate	Prestwick	0.6548320032045609	1.1867427494821543
dichlorisone_acetate	Prestwick	-0.3342105035494909	1.1797636150582798
epiandrosterone	Prestwick	0.040358425617143	1.1773949283055078
glimepiride	Prestwick	1.454882880459344	1.1754122068603623
tiagabine_hydrochloride	Prestwick	0.5631271969620256	1.174403556844296
benziodarone	Prestwick	0.3634540287796008	1.169118291485251
dexamethasone_acetate	Prestwick	-0.2250796661724713	1.1679667895260906
sulfamethizole	Prestwick	-0.2017931765241437	1.1665459565756235
indomethacin	Prestwick	0.2354230395875448	1.1625254007744823
oxibendazole	Prestwick	-0.2191967041896105	1.1499533749452673
danazol	Prestwick	0.0801986349849624	1.1497169708521653
cefpodoxime_proxetil	Prestwick	-0.3303320634374835	1.1479558447784066
imidapril	Prestwick	0.2556323986345716	1.1450845881131146
artesunate	Prestwick	0.2081125950910987	1.1344807125254777
algestone_acetophenide	Prestwick	-1.080000938808373	1.1316110372599597
lithocholic_acid	Prestwick	0.3856844516290335	1.1295062565985805
cephradine	Prestwick	0.7506147178009293	1.1263629482345117
probenecid	Prestwick	-0.5552579897001106	1.1262143910402282
dobutamine_hydrochloride	Prestwick	0.6158383097696718	1.1259500463442225
nitrofurantoin	Prestwick	-0.3336058951630613	1.1220001357233962
adrenoterone	Prestwick	0.108891119747033	1.114858551991568
danthron	Prestwick	0.8654383527758192	1.1076256498547394
suprofen	Prestwick	0.2939463727588208	1.1030674693903098
salinomycin_sodium	Prestwick	0.4535823878066329	1.1028335843200487
zardaverine	Prestwick	0.1870314382578178	1.0947752134530302
pemirolast_potassium	Prestwick	0.1062513982312038	1.0912290389420545
cefotaxime	Prestwick	-0.3106140429317496	1.089554079826815
diloxanide_furoate	Prestwick	0.3687267527888727	1.0749360967507593
dichlorphenamide	Prestwick	-0.8176832367560671	1.0641165938298285
rabeprazole	Prestwick	0.3652090795244065	1.0618137599451365
oxfendazole	Prestwick	0.6455578697520399	1.0611848033485591
antimycin_a	Prestwick	-0.4582634489152808	1.058049933322248
carbenoxolone	Prestwick	-1.9946983287281104	1.0569104669733569
rofecoxib	Prestwick	0.4582728266127875	1.0564289791613974
dyclonine_hydrochloride	Prestwick	0.1281015965759504	1.050885063158735
rebamipide	Prestwick	1.4666958772429497	1.0469483935961246
verteporfin	Prestwick	-8.400054142656913	1.0436306114417415
trazodone_hydrochloride	Prestwick	1.2778996535079363	1.0435643945903288
chenodiol	Prestwick	0.437495617394164	1.042787570136097
luteolin	Prestwick	1.304252902239427	1.036117409481195
apazone	Prestwick	0.0477038061206066	1.0302004091941774
moricizine_hydrochloride	Prestwick	0.0661329476117305	1.0296150535501567
acenocoumarol	Prestwick	0.5894838006810492	1.026883666686668
fenoprofen	Prestwick	0.5374104117772887	1.0222796472083575
aliskiren	Prestwick	0.4227946245970222	1.0197269414491617
cycloheximide	Prestwick	0.5075766635457866	1.0195825251137922
bromocryptine	Prestwick	-1.7788758214218046	1.0176616421988771
vatalanib	Prestwick	1.2354387137932523	1.016298884803274
ibuprofen	Prestwick	-0.0860215956235	1.010701856228544
chlorhexidine	Prestwick	0.7702348578563779	1.010033430536017
picotamide	Prestwick	1.1915482566335924	1.0078623917173206
ipsapirone	Prestwick	0.9329005239622208	1.0056009495762923
celiprolol_hydrochloride	Prestwick	0.3500425496804533	0.9970755135981056
mefenamic_acid	Prestwick	0.5980961840014613	0.9970114175345898
alpha-cypermethrin	Prestwick	1.280935676252953	0.992157005233163
moxisylyte	Prestwick	-0.4025737458557415	0.9897278212879276
bendazac	Prestwick	0.457965188391222	0.9818592987603468
halcinonide	Prestwick	-1.0823649312595942	0.9816210239710378
norethynodrel	Prestwick	-0.2186859199931923	0.9791718209631962
gemfibrozil	Prestwick	-0.1587696012209341	0.972390000072749
deflazacort	Prestwick	-0.8245151866856587	0.9722126387012134
theobromine	Prestwick	-0.6776171616894612	0.9669258941547224
zaprinast	Prestwick	0.2647640770473929	0.9651928366367364
clopamide	Prestwick	0.2876216339635761	0.9601983738838046
arotinolol	Prestwick	0.1182951931392747	0.9554102331541784
ebselen	Prestwick	0.1048189686135945	0.9531256693740048
prednicarbate	Prestwick	-0.4677055870204053	0.9527227474595032
clopidol	Prestwick	-1.031367779268638	0.9520206421343748
olmesartan	Prestwick	0.827561233257687	0.9441572526949116
sulfinpyrazone	Prestwick	1.1523099468586118	0.9435517257481508
nilutamide	Prestwick	0.5934234571056628	0.9374049462161516
nandrolone	Prestwick	0.6486503882065072	0.9345739624272555
pirprofen	Prestwick	-0.0432602862391281	0.9320013025012636
edaravone	Prestwick	-0.4620459885242948	0.9302406291698464
ticlopidine_hydrochloride	Prestwick	-0.1598307075616606	0.9301987967629968
tadalafil	Prestwick	0.2363467473060285	0.9261091972441404
altrenogest	Prestwick	0.2474763999619454	0.9252860150590791
tolmetin	Prestwick	0.3306097652806893	0.9236422774982606
tiapride_hydrochloride	Prestwick	-0.237988740535362	0.9192416721731264
dicumarol	in_vitro_active	1.2756582117468291	0.9185727903086454
spironolactone	Prestwick	-1.042339471737281	0.9119720061925838
famprofazone	Prestwick	1.133354107607018	0.9118968761206936
chlorprothixene_hydrochloride	Prestwick	0.1280862114242769	0.9057349048204928
zaltoprofen	Prestwick	0.0272940885896757	0.9007031061460152
linezolid	Prestwick	0.6906199156039058	0.8974352551570177
chlorotrianisene	Prestwick	-0.0639124301986019	0.8936753765410106
camostat	Prestwick	0.753332078557919	0.8927981702510154
estropipate	Prestwick	0.772570556409587	0.8899378004072607
nimesulide	Prestwick	-0.1015541467712663	0.8894191910010347
ciprofibrate	Prestwick	-0.2347833788443588	0.8846217888646517
cromolyn	Prestwick	1.841648967689801	0.8813319861866273
isoflupredone_acetate	Prestwick	0.1914482958756755	0.8797221570555078
ramipril	Prestwick	0.745441927960229	0.877605229194427
diethylcarbamazine_citrate	Prestwick	-1.3596188463236305	0.877317134865131
amisulpride	Prestwick	0.1798452212920365	0.8760726448056304
beclomethasone_dipropionate	Prestwick	-1.211644336063848	0.8730698237087265
cephalothin	Prestwick	-0.2034582341175408	0.8722327790862607
erythromycin	Prestwick	-7.4314277662044175	0.8676100506924632
domperidone	Prestwick	2.2631134411292657	0.8672185026220307
fenoldopam	Prestwick	0.991111781553936	0.8667265015731083
cholecalciferol	Prestwick	1.1170132164353468	0.8651797429660056
trioxsalen	Prestwick	0.2833132019323253	0.8594467453186232
testosterone_propionate	Prestwick	0.3741471335716737	0.8584072896800499
furaltadone	Prestwick	0.0941214962596283	0.8582208438422018
norgestrel	Prestwick	-0.0948138984424575	0.8539181853606181
piperonyl_butoxide	Prestwick	-0.3281021744771311	0.8537558920959194
felbamate	Prestwick	-0.5304391601719118	0.8510531389749609
clofazimine	Prestwick	0.0093577568844271	0.8455352212290845
sotalol_hydrochloride	Prestwick	-0.2932118365445543	0.8410475285913352
tenatoprazole	Prestwick	0.6408158027934175	0.8397409161901358
ibufenac	Prestwick	-0.3747062728242078	0.838831737120358
sulfadimethoxine	Prestwick	-0.1626440882021135	0.8366582237810848
alfuzosin_hydrochloride	Prestwick	0.6806830201066865	0.8356347544532755
clocortolone_pivalate	Prestwick	-0.5023779495459326	0.8238734072811942
cefoxitin	Prestwick	-0.1868774290285175	0.8234068773830411
camptothecin	Prestwick	0.7787399213072387	0.8204009352976254
bisoprolol	Prestwick	-0.1845194178067455	0.8201490695598483
mebeverine_hydrochloride	Prestwick	0.3953117841334084	0.8133810962063368
phenethicillin	Prestwick	0.1667361092827102	0.8112577035815632
modafinil	Prestwick	-0.0538827856062674	0.8108258062950138
valdecoxib	Prestwick	0.4695389997201171	0.8060377012629212
sulfasalazine	Prestwick	1.4638479778786049	0.8050889596378452
cyclofenil	Prestwick	0.5096567550310586	0.8041405255716075
mometasone_furoate	Prestwick	-1.6719614430943968	0.802043736035212
succinylsulfathiazole	Prestwick	0.1630656994898773	0.8011280720105993
benzonatate	Prestwick	-1.084553897335642	0.8005154072679994
flupirtine	Prestwick	0.4955380430029795	0.7983090046745098
lovastatin	Prestwick	0.5756161853695984	0.7965502773902964
rufinamide	Prestwick	-0.1667276395864928	0.7950673750368688
gemifloxacin_mesylate	Prestwick	0.5264890236927225	0.7902954154116524
podofilox	Prestwick	-0.1502983050129243	0.788748715853199
monobenzone	Prestwick	-0.1225164374052595	0.7877491862554367
rimexolone	Prestwick	-0.1821305025869853	0.7862772745327357
estrone	Prestwick	0.4398197112671277	0.7813238958242675
homosalate	Prestwick	0.3268893422307771	0.7811964476193347
bretylium_tosylate	Prestwick	-1.1221978759833076	0.7801490928990867
cyproterone_acetate	Prestwick	-0.4003541487047911	0.7775828867984491
ethynodiol_diacetate	Prestwick	-0.1407432983875389	0.7761256351051303
hexestrol	Prestwick	0.1917277327266465	0.7686094330067188
probucol	Prestwick	-0.7593225746159027	0.7681114790955837
anagrelide	Prestwick	-0.2537601092380446	0.7646848105395012
ozagrel	Prestwick	-0.128761670162035	0.7642672998967838
pramoxine_hydrochloride	Prestwick	-0.2537499485645231	0.7631778921057717
chlormadinone_acetate	Prestwick	-0.2855200650480335	0.7592736878111191
phenothrin	Prestwick	1.3108468377525582	0.7576602427075312
omeprazole	Prestwick	0.6065710607054352	0.756037917490446
colchicine	Prestwick	-1.4417956485717314	0.7518619772308751
betamethasone	Prestwick	-0.2052515734393862	0.745884341089883
alizapride	Prestwick	0.4790423883963506	0.7456481299037243
candesartan	Prestwick	1.2553894502045264	0.7452098978464674
etofenamate	Prestwick	0.4949847273443319	0.7424473146897649
tripamide	Prestwick	1.0163642436898797	0.742158041103605
oxcarbazepine	Prestwick	0.6426395644782568	0.7399779078859874
tigecycline	Prestwick	-5.841555991070958	0.7373311058968398
entacapone	Prestwick	0.37347672525278	0.7346721609984438
melatonin	Prestwick	-0.1602907070161865	0.7342318983932872
flumequine	Prestwick	0.3002747811403291	0.7316784618938261
exemestane	Prestwick	0.1882655138184189	0.7296412987418076
nitroxoline	Prestwick	-0.0441398435900924	0.7220344293584267
sulfisoxazole	Prestwick	0.1476790714989392	0.7219488002420954
misoprostol	Prestwick	-0.1447139912368852	0.7185868979804317
benzydamine_hydrochloride	Prestwick	0.2710880026367226	0.716090523373667
butylparaben	Prestwick	-0.6846425886196883	0.7153172560467178
roxithromycin	Prestwick	-7.425932260238559	0.710152020557286
leflunomide	in_vitro_inactive	0.5406222460865908	0.7091533218301708
canrenone	Prestwick	0.3391281788361545	0.7074170446846059
dipyrone	Prestwick	-0.0396948966178517	0.7052735634144598
diacerein	Prestwick	0.6125522105380194	0.7045937606430172
zotepine	Prestwick	-0.1835330220322762	0.7038587459135293
pregnenolone	Prestwick	0.1532133295118538	0.7033138526936664
clobetasol_propionate	Prestwick	-0.8285552889929819	0.7009807675425275
mofezolac	Prestwick	-0.0590933669868773	0.6996523301583556
methylprednisolone	Prestwick	-0.2145189146025151	0.6996364421059175
nedocromil_sodium	Prestwick	0.1281238466920373	0.6911907746395867
erdosteine	Prestwick	-1.0876253449167508	0.6911833816567703
prednisone	Prestwick	-0.0537212950263982	0.6909287521467133
bithionol	Prestwick	-0.0551008105061542	0.6893461591662847
thalidomide	Prestwick	0.6589322482240847	0.6891946509840602
dirithromycin	Prestwick	-6.379659105607576	0.6891412642181365
etretinate	Prestwick	0.8069955718307167	0.6870662862572449
raloxifene_hydrochloride	Prestwick	1.00521123369106	0.6869182247637587
atenolol	Prestwick	-0.1762897712496536	0.6865853138907654
ciclopirox	Prestwick	0.2414371544364643	0.6840029938115189
felbinac	Prestwick	0.095468742878309	0.6783719763925492
metaproterenol_sulfate	Prestwick	-0.4524315806297292	0.6770492382287877
oxyphenbutazone	Prestwick	0.2649504897403652	0.6757700657621903
methicillin_sodium	Prestwick	-0.2419189014841445	0.6752542300776389
benzoxiquine	Prestwick	0.7639864622628133	0.6728758305527609
avobenzone	Prestwick	0.6871334272000291	0.6719275607433838
desoxycorticosterone	Prestwick	0.03982408912309	0.6704669036796067
sulfathiazole	Prestwick	-0.5133545084537433	0.6675235060209908
flunisolide	Prestwick	-1.490473655829223	0.6662228856267733
khellin	Prestwick	-0.199809628479871	0.6646101602215359
stiripentol	Prestwick	-0.0124611346018908	0.663732778573409
piribedil	Prestwick	0.5347389068994568	0.6635656126382307
quetiapine	Prestwick	0.1589082607816831	0.6603480510419076
topiramate	Prestwick	-1.0238835786313176	0.6559328823726415
cilnidipine	Prestwick	0.7063504776527496	0.6539805999511895
chlorpromazine_hydrochloride	Prestwick	-0.217703264832368	0.6511980276745415
risperidone	Prestwick	2.2424538879785696	0.6499933871695086
chloroguanide_hydrochloride	Prestwick	-0.2394972320509025	0.6499868501705814
mizolastine	Prestwick	0.7749254242256362	0.6460999376595448
levocabastine_hydrochloride	Prestwick	0.2641388044338196	0.6451357444653562
procaterol_hydrochloride	Prestwick	0.2355341778312628	0.6420255654883044
fluocinonide	Prestwick	-1.2979299100935282	0.6375904686343666
prazosin_hydrochloride	Prestwick	0.9756087533834218	0.6292760588320032
naftifine_hydrochloride	Prestwick	1.081199990411924	0.627836835012985
mebendazole	Prestwick	0.7379691651290025	0.6264699527078299
fusidate_sodium	Prestwick	-1.574562345356257	0.6239179560583715
troleandomycin	Prestwick	-7.7664542142801904	0.6215086125037779
salmeterol	Prestwick	0.5772129892447943	0.6212127287369756
loracarbef	Prestwick	0.8025703730428297	0.6209705014566848
clofibrate	Prestwick	-0.702422850724318	0.6201744050393223
tolnaftate	Prestwick	1.2038598000595973	0.6192298290479106
carbetapentane_citrate	Prestwick	-0.0608285299373996	0.6189188696198163
piretanide	Prestwick	-0.2981317899851053	0.6146195448568617
lanatoside_c	Prestwick	1.0406335841894718	0.6144943056533119
pivampicillin	Prestwick	0.3217632891628671	0.6094422246570548
tretinoin	Prestwick	0.7474060444111573	0.6075456617682596
pyricarbate	Prestwick	-0.4676489616379559	0.6043910261880171
gliquidone	Prestwick	1.1878165196380108	0.6037206531325514
fenoterol	Prestwick	0.7403920184179901	0.6032984571545019
clarithromycin	Prestwick	-8.241921416294998	0.6011024945449649
molsidomine	Prestwick	-0.5896757953833235	0.59934455940427
acetazolamide	Prestwick	-0.9620685773314795	0.599256601045489
valacyclovir_hydrochloride	Prestwick	0.195699374920153	0.5966034602748413
todralazine_hydrochloride	Prestwick	-0.0167339167730111	0.5954131412355782
pyrvinium_pamoate	Prestwick	0.5150200281159711	0.5941596845701549
isotretinoin	Prestwick	0.9558146726452283	0.5936507414990612
oxymetholone	Prestwick	0.0586799173022482	0.5933104016386341
tizanidine_hydrochloride	Prestwick	-0.3894900196320844	0.5919173182774039
desonide	Prestwick	-0.8360301985281177	0.5904428163184166
meticrane	Prestwick	-0.5359799591916096	0.5903441663486313
bufexamac	Prestwick	-0.3628377691404062	0.5902786659023205
lofepramine	Prestwick	1.7288671311633248	0.5896082054745236
aminophylline	Prestwick	-0.7574072265630433	0.5881541370747665
estradiol_valerate	Prestwick	0.6126874730544464	0.5871857224316982
pantethine	Prestwick	-0.1024244652172139	0.5859247335403623
nocodazole	Prestwick	0.2686279990164131	0.582197867657208
levamisole_hydrochloride	Prestwick	-0.43170493651156	0.5787674179075573
liranaftate	Prestwick	0.89812806528778	0.5765118261163064
benzthiazide	Prestwick	0.9864433697820651	0.5758275641207159
fluticasone_propionate	Prestwick	-1.381461068119479	0.5754321279623006
proparacaine_hydrochloride	Prestwick	-0.250682429783155	0.5749103081487683
cefcapene	Prestwick	-0.3118669700962891	0.573825590415779
pirfenidone	Prestwick	-0.1931748294239638	0.5736655239223057
dienogest	Prestwick	0.1071294083455432	0.572910265304894
ethenzamide	Prestwick	-0.875764632994128	0.5698714267227223
nafamostat_mesylate	Prestwick	1.412555227014514	0.5682235826114388
azilsartan_medoxomil	Prestwick	1.3226370155784652	0.5672690632645084
methazolamide	Prestwick	-1.1258099708014004	0.5650878773135255
vorinostat	Prestwick	-0.0270002285038556	0.5644957415561251
chlormidazole	Prestwick	0.3577876699168319	0.562777672551834
bendroflumethiazide	Prestwick	0.812186741676407	0.5617117557568335
trimetozine	Prestwick	-0.4195037201501367	0.5601896411114633
sulfisomidine	Prestwick	0.2948115669444341	0.5578328476999176
decamethonium_bromide	Prestwick	-1.1257967049246411	0.554466951856911
ethisterone	Prestwick	-0.3049653576304237	0.5544628692275404
lynestrenol	Prestwick	0.0531394198513639	0.5536726660144126
bacampicillin_hydrochloride	Prestwick	0.190281355298616	0.5519684824519421
labetalol_hydrochloride	Prestwick	0.993601590440632	0.5496736990567651
flopropione	Prestwick	-0.5425220555888987	0.5495076241684576
etoposide	Prestwick	-1.4461423437101757	0.5484193669410998
fluspirilene	Prestwick	1.6273093184056275	0.5450029411526766
enocitabine	Prestwick	0.2160765724788457	0.540239368709143
metergoline	Prestwick	1.497216896312074	0.5400127164633942
atenolol	Prestwick	-0.1762897712496536	0.5398507159454341
bumetanide	Prestwick	-0.0570566222981273	0.5377629685972856
flumethasone_pivalate	Prestwick	-0.3009575460706338	0.5358340935557181
rifapentine	Prestwick	-31.91645468882331	0.5335906780898987
tolvaptan	Prestwick	2.196951960155092	0.533319305857399
brinzolamide	Prestwick	-1.0744044617617377	0.5320750195375853
perospirone	Prestwick	1.8472052085012372	0.5303332704781495
glipizide	Prestwick	0.8868033964006908	0.5297208455226379
balsalazide	Prestwick	0.9539545573651372	0.5284814851782961
cephalexin	Prestwick	0.852380678987172	0.5271370302610313
phenolphthalein	Prestwick	-0.4028853100537307	0.526806969624706
isocarboxazid	Prestwick	-0.0053804698362698	0.5250791178494981
miconazole	Prestwick	0.396909244482189	0.5249945006116978
acamprosate_calcium	Prestwick	-1.6949765885221997	0.5244064977774904
oxandrolone	Prestwick	0.0702211276363867	0.5218296739620535
clofoctol	Prestwick	0.9233577197974911	0.5215491824399899
clotrimazole	Prestwick	-1.3853265590040225	0.5214985083305088
hippuric_acid	Prestwick	-0.6863492314025973	0.5148554254862844
cyclopenthiazide	Prestwick	0.4771161948046202	0.5145264194441348
fenipentol	Prestwick	-0.7956226785183714	0.5127752237953589
sulpiride	Prestwick	0.192295744702426	0.5114368939229514
dydrogesterone	Prestwick	0.1907813075297852	0.5056203919391318
nadifloxacin	Prestwick	0.7443724199774739	0.5055166840344166
flosequinan	Prestwick	-0.2184600241224447	0.5046403614371984
budesonide	Prestwick	-0.5633258447788507	0.5031225925280534
tinidazole	Prestwick	-0.7311625785362583	0.5030316496065755
sulfamethoxypyridazine	Prestwick	0.1747907655327047	0.5022559971385341
terfenadine	Prestwick	1.5837459129825808	0.4978111268018734
dimenhydrinate	Prestwick	-0.5322329585919097	0.4918840856523493
indoprofen	Prestwick	1.0533664101748983	0.4877523866507562
irbesartan	Prestwick	1.2714765769993897	0.4867190975487969
trolox	Prestwick	-0.2447467141700446	0.4849097858972195
cefprozil	Prestwick	0.9180237301368966	0.4844314913453457
racecadotril	Prestwick	0.6992809169897709	0.484024685706225
dichlorophen	Prestwick	0.2734250935548366	0.4830041645648745
betaxolol_hydrochloride	Prestwick	-0.0156713977892314	0.4820198563671583
pyrimethamine	Prestwick	-0.0933757899469218	0.4806838102814588
ritodrine_hydrochloride	Prestwick	0.5890906834480599	0.4788521635588311
phenprobamate	Prestwick	-0.9350697689339004	0.4787768270416058
buspirone_hydrochloride	Prestwick	1.060972626045227	0.4786038157190823
alfacalcidol	Prestwick	0.4577050719494558	0.4773035165846086
megestrol_acetate	Prestwick	-0.3936921780953228	0.4766917336880703
azaperone	Prestwick	0.8980295862033836	0.472869468718977
tiratricol	in_vitro_active	-0.1531574779710316	0.472540139110178
alexidine_dihydrochloride	Prestwick	-0.2161820630330181	0.4717462174613746
meclocycline_sulfosalicylate	Prestwick	-0.0879837430570101	0.4717274927944828
gefitinib	Prestwick	0.6771607007258276	0.4704140847492515
estradiol	Prestwick	0.3788684174194226	0.4693905011311045
riluzole	Prestwick	-0.2658755641785457	0.4595557822782098
exifone	Prestwick	0.6632108361454138	0.458811225309519
chlorothiazide	Prestwick	-0.4891720647298199	0.457138014763141
guaifenesin	Prestwick	-0.8689779085888287	0.4570815884342322
simvastatin	Prestwick	0.7383203203765022	0.4549968106817831
oxaprozin	Prestwick	0.3966767852102331	0.4507258625189268
glyburide	Prestwick	1.1097357649412318	0.4494875664135923
amcinonide	Prestwick	-0.7008889036661548	0.4466345479522846
procaine_hydrochloride	Prestwick	-0.646271511686024	0.4440589227768726
triamcinolone	Prestwick	-0.384970271926693	0.4435831876319969
sulfachlorpyridazine	Prestwick	0.1871755208533006	0.4430799554529114
anethole	Prestwick	-1.2211389217541608	0.4404316185732487
flutamide	Prestwick	0.0749517735548667	0.4398013786599726
sulfabenzamide	Prestwick	0.0597918534137824	0.437766376037562
isoxicam	Prestwick	0.702673692899386	0.4334952406477163
apomorphine	Prestwick	0.6333493770700869	0.4320593662821961
chlorquinaldol	Prestwick	-0.253609870759591	0.4294681016396032
alprostadil	Prestwick	0.1639872925266485	0.4273343940084341
fipronil	Prestwick	0.7510007347862472	0.4262167244782901
dioxybenzone	Prestwick	0.2475698033564466	0.4261970488389643
chlorpromazine	Prestwick	-0.217703264832368	0.425334817013472
amiodarone_hydrochloride	Prestwick	0.0	0.4216387900072474
griseofulvin	Prestwick	-0.9676785365479852	0.4186342271930004
benzocaine	Prestwick	-1.0408517284411474	0.4160811693230839
bromopride	Prestwick	-0.403570013647903	0.4141237787731521
ethaverine_hydrochloride	Prestwick	0.7498664216535543	0.4079421642213581
butacaine	Prestwick	-0.3053704597731551	0.4058002490261008
nafronyl_oxalate	Prestwick	0.5127957250457609	0.405769285074482
ibudilast	Prestwick	-0.3163670177896462	0.4048150805278307
alverine	Prestwick	0.2118873585397933	0.4044856903922249
benfluorex	Prestwick	0.9753674807586188	0.4008551727681576
benzarone	Prestwick	0.5904894680417978	0.4003120729981936
propofol	Prestwick	-0.2380509367876252	0.3992206881677365
pantoprazole_sodium	Prestwick	0.5837161320142145	0.3989938047947328
broxyquinoline	Prestwick	-0.6836191237551957	0.3973375051892883
e324	Prestwick	0.0973525521686824	0.3957341871436959
milrinone	Prestwick	-0.2425859206359901	0.3952816841800328
carbimazole	Prestwick	-1.1678301935838789	0.39403844530036
cephalosporanic_acid,_7-amino	Prestwick	-0.6577800406762286	0.3919341786568041
pefloxacin	Prestwick	0.5082286555004566	0.3879080580481332
daunorubicin_hydrochloride	Prestwick	-0.3269951965218711	0.3860995009896577
mesoridazine_besylate	in_vitro_inactive	0.1386541780661941	0.3858828905914669
abemaciclib	Prestwick	1.434919930929567	0.3851272092030782
formoterol_fumarate	Prestwick	0.8034476458371811	0.3848403988882448
amorolfine	Prestwick	0.6607165961863541	0.3839567403665543
rivastigmine	Prestwick	-0.2900002978254216	0.3832843250422049
angiotensin	Prestwick	0.1707498516153039	0.3803633397670083
zidovudine	Prestwick	0.1814210327963563	0.3766969661937581
cyclizine_hydrochloride	Prestwick	-0.2374884801965015	0.3748082013138327
gestrinone	Prestwick	-0.2204612472954688	0.3732852731356955
vandetanib	Prestwick	1.1472154803068162	0.3727780501814038
carbenicillin	Prestwick	-0.1000960496751975	0.3711909160877437
guanabenz_acetate	Prestwick	-0.6765738801016009	0.3699847817854353
pimozide	Prestwick	2.4200572653996084	0.3694036259026254
alfaxalone	Prestwick	0.1226850690589353	0.3683758327830062
mefexamide	Prestwick	-0.5184386002464673	0.3682919212222074
protionamide	Prestwick	-0.8480506568660745	0.3679768286693936
cyproheptadine_hydrochloride	Prestwick	-0.1994002374438828	0.3670275541181617
liothyronine	Prestwick	0.0295288840535163	0.3666285279725739
carbadox	Prestwick	0.2486185879445761	0.3639011351996162
ethopropazine_hydrochloride	Prestwick	-0.2368268217246817	0.3627818454921347
terbinafine	Prestwick	0.6968046708432727	0.3619115994421555
tolonium_chloride	Prestwick	-0.1143741345528062	0.3613124808784603
trichlormethiazide	Prestwick	-0.3156117000381079	0.3601709663552793
dinoprost	Prestwick	0.0151241817241769	0.3597561445536819
epirizole	Prestwick	-0.5450438879402341	0.3591078914572596
niridazole	Prestwick	-0.9562784070259563	0.3590551470607613
metoprolol	Prestwick	-0.3461618448344853	0.3583370812209105
brimonidine	Prestwick	-0.0474653578116457	0.3572898974972991
grepafloxacin	Prestwick	0.6734400727473163	0.3567933851382049
antipyrine,_4-hydroxy	Prestwick	-0.0808215244545733	0.3559461711726384
sulfacetamide	Prestwick	-0.7606704634774916	0.3523434654588259
oxolinic_acid	Prestwick	0.1733902989056971	0.3519631699837561
erlotinib	Prestwick	0.3471311951483617	0.3514154760372626
articaine_hydrochloride	Prestwick	-0.7337417452307726	0.3513564341590448
aminohippuric_acid	Prestwick	-0.638862900436948	0.3496760022168449
ebastine	Prestwick	1.7046972997723162	0.3462962292011329
delavirdine	Prestwick	1.1991095009793604	0.3459853535498215
itopride	Prestwick	0.3096664841219536	0.3455036658898344
indapamide	Prestwick	1.2385314663686031	0.3449660614366657
deferoxamine_mesylate	Prestwick	0.1489638655796727	0.3446988879947317
melengestrol_acetate	Prestwick	-0.4234780946913196	0.344263679369069
urapidil_hydrochloride	Prestwick	0.8486796273134244	0.3409220256424116
phenacetin	Prestwick	-0.8219157350581188	0.340556487899488
dienestrol	Prestwick	0.6451526752505855	0.3392170568749614
terbutaline	Prestwick	-0.3102071823850221	0.3319047283344022
vecuronium_bromide	Prestwick	-1.2748769044435408	0.3211178985301088
sulfapyridine	Prestwick	0.0044077050279562	0.318238259598904
clorsulon	Prestwick	-0.6287450561866693	0.3172477863532116
sarafloxacin	Prestwick	0.2735570329960827	0.3158303212922829
ranitidine_hydrochloride	Prestwick	-0.6346494312904094	0.3151181362083688
paliperidone	Prestwick	2.035250582439857	0.3150434648224437
oxacillin_sodium	Prestwick	0.0974761432880241	0.314574157407834
oxeladin	Prestwick	-0.3989468015123403	0.3137984919905456
chlormezanone	Prestwick	-0.0903225190378626	0.3132869473227829
capecitabine	Prestwick	0.75648096299748	0.3121541963155532
paclitaxel	Prestwick	-8.185650144002983	0.3093822291459419
epirubicin_hydrochloride	Prestwick	-0.3899932921986085	0.30273369984707
sulconazole_nitrate	Prestwick	0.3102662565660228	0.3009490174812276
donepezil_hydrochloride	Prestwick	1.3523789466099676	0.3006243997912986
dasabuvir	Prestwick	0.5273584177438647	0.2981339566674668
benserazide_hydrochloride	Prestwick	-0.0963421210689176	0.297761390877807
nalbuphine_hydrochloride	Prestwick	0.3357093145475098	0.295813655200163
phenformin_hydrochloride	Prestwick	-0.5596270941586053	0.2889976305513219
nitrendipine	Prestwick	-0.0552333842010119	0.287098505254885
tolbutamide	Prestwick	-0.1867205065859029	0.2865015135256639
fursultiamine	Prestwick	0.0910424198993448	0.2806231909362561
thiolactone	Prestwick	-1.4920137976117809	0.2748961762942754
cefaclor	Prestwick	0.2196832445910677	0.2745623855751727
propoxycaine_hydrochloride	Prestwick	-0.4350421738262424	0.2741629645292758
pranoprofen	Prestwick	0.5913982690719664	0.273961094156804
dehydrocholic_acid	Prestwick	0.3478106390051809	0.2726203345510317
butenafine_hydrochloride	Prestwick	1.4322883669613942	0.270148007612809
rizatriptan_benzoate	Prestwick	-0.1689397710747159	0.2700546441975277
hexachlorophene	Prestwick	-0.1417292468270643	0.2689306800820454
triflusal	Prestwick	0.055163076602549	0.2687946021826779
fluocinolone_acetonide	Prestwick	-1.0445503968561671	0.2663672404187023
tandospirone	Prestwick	1.1209564647026051	0.2647608249510034
quinethazone	Prestwick	-0.0710108416720188	0.2622314534986875
alclofenac	Prestwick	-0.5684313729749908	0.260213652575876
trimipramine	Prestwick	0.2759259361959109	0.2601571507686166
chloramine-t	Prestwick	-0.8643847917333238	0.2569945983115189
nateglinide	Prestwick	0.8844384369226987	0.2566198655374029
tioxolone	Prestwick	-0.8862582337946753	0.2561782278364777
hydrocortisone	Prestwick	-0.2374358234978094	0.25320348007558
propafenone_hydrochloride	Prestwick	0.4291624691960327	0.2527236261345927
piperacillin	Prestwick	-0.1851429149388243	0.2511101634247611
ether	Prestwick	-2.9683074561971736	0.2508467917406499
bupivacaine_hydrochloride	Prestwick	0.1841025171667621	0.2502127809286774
tolazamide	Prestwick	0.3742954408841032	0.2499655750765992
chloramphenicol	Prestwick	-0.0259425249378372	0.249847115014503
digoxin	Prestwick	1.8391792292001143	0.2497814541247306
ethamsylate	Prestwick	-0.6383828219871628	0.2497554657136638
feprazone	Prestwick	0.52442433103967	0.2489771616889619
tacrolimus	Prestwick	-22.624213822721604	0.247109266898677
dequalinium	Prestwick	1.6985831722843692	0.2465922662720503
aminopyrine	Prestwick	-0.2800273006119606	0.2459007458721433
ketorolac_tromethamine	Prestwick	0.5516755186724999	0.2446556459970856
lapatinib	Prestwick	1.8770278879260027	0.2403180697288783
cresopirine	Prestwick	-0.42245963103597	0.2387401815467725
methandrostenolone	Prestwick	0.0980148398948438	0.2373660855461686
equilin	Prestwick	0.6054961807655467	0.2360647187314576
ampicillin_trihydrate	Prestwick	0.0746513412880365	0.2333494720509022
benazepril_hydrochloride	Prestwick	0.6820178342229931	0.2326483416308601
penbutolol_sulfate	Prestwick	0.1149100051892662	0.2307544821197155
tamsulosin_hydrochloride	Prestwick	0.5540402450097758	0.2299442653976814
dimethisoquin_hydrochloride	Prestwick	-0.1729503039765346	0.2296965159692422
trimethadione	Prestwick	-1.316378919130036	0.226701587778822
ethacridine_lactate	Prestwick	0.1352024329825933	0.2247198783151523
suxibuzone	Prestwick	-0.2595606252502565	0.2235620552236117
ketoprofen	Prestwick	0.6418853979778385	0.2226305566048659
nicorandil	Prestwick	-0.8603542150862462	0.2219392636305352
propylthiouracil	Prestwick	-1.0932069116533552	0.2176564369312868
methyldopate_hydrochloride	Prestwick	-0.3755959993030531	0.2172308275103208
hexylcaine_hydrochloride	Prestwick	0.2286434171481347	0.2151488649876684
butamben	Prestwick	-0.6945509655851038	0.2139222631219059
meloxicam	Prestwick	0.5723729889169381	0.2053291817015915
isoconazole	Prestwick	0.4029710165449662	0.2049131972697795
fluconazole	Prestwick	-0.2978017055994869	0.2024337452780754
moxalactam	Prestwick	0.7474880923054559	0.2013916873488456
trandolapril	Prestwick	0.8882348795156815	0.2001132340731922
iobenguane	Prestwick	-0.9998855453746364	0.199748435758864
flubendazole	Prestwick	0.8712123340796486	0.1991981536500886
progesterone	Prestwick	0.053538311353157	0.1986715501580664
amlexanox	Prestwick	0.8167735663155719	0.1986586367900433
formestane	Prestwick	0.2187389768629061	0.1983601170738721
nefiracetam	Prestwick	0.0716853390219676	0.1962656306004536
sulfamethoxazole	Prestwick	-0.1262856064633832	0.1949526441211818
prasugrel	Prestwick	0.8233606337365353	0.1936033026818387
methylatropine_nitrate	Prestwick	-0.0724954298413677	0.1928090460193865
benztropine_mesylate	Prestwick	0.5899110095609391	0.1918574967596224
actarit	Prestwick	-0.5177450621641645	0.1915683049918244
brivudine	Prestwick	-0.1347503581832154	0.1913025089148694
tolperisone_hydrochloride	Prestwick	0.1770945228857757	0.1906183551887834
prednisolone	Prestwick	0.1099040764696899	0.1890536951876381
benidipine	Prestwick	0.9964383921531168	0.1879068749124814
estramustine	Prestwick	0.9381213139539382	0.1877460481004806
ampyrone	Prestwick	-0.0766058992153812	0.1874280726853434
betamipron	Prestwick	-0.6488281703166845	0.1862044961348634
exalamide	Prestwick	-0.3558703506292946	0.1848618213365946
ecabet	Prestwick	-0.3836686430943631	0.1830851467623926
sulfadoxine	Prestwick	-0.113833273404747	0.1827812065868753
pepstatin	Prestwick	0.354836779161759	0.1814134280472964
nomegestrol_acetate	Prestwick	-0.1886071387467398	0.180266100015301
prochlorperazine	Prestwick	0.551451176672778	0.1793233706904639
dorzolamide_hydrochloride	Prestwick	-0.8800326361412892	0.1771721263518844
bicalutamide	Prestwick	1.227948309532986	0.1757086319463902
oxyphenisatine	Prestwick	-0.7044099252394638	0.1747218912070653
acetohexamide	Prestwick	0.4711593059914376	0.1724664672042034
drofenine_hydrochloride	Prestwick	0.0286096281640576	0.1706454561993523
medrysone	Prestwick	0.109863587233931	0.1705006087431623
mephenesin	Prestwick	-0.7506439873904323	0.1691912754155588
pirlindole	Prestwick	0.5780332277725316	0.1652799023491459
fludrocortisone_acetate	Prestwick	0.0485178490154852	0.1645135978826245
teriflunomide	in_vitro_active	0.2309732081444627	0.1619959648571116
tegafur	Prestwick	-0.5027611833661472	0.1615827084661888
beclamide	Prestwick	-0.7980417070341999	0.157193960257727
efavirenz	Prestwick	-0.2864339766791668	0.1548308631587821
sulfamethazine	Prestwick	0.2440852075035975	0.1536013462573058
zileuton	Prestwick	-0.083940202671177	0.1531174116715049
piracetam	Prestwick	-1.5624009182702354	0.1518164096608583
mupirocin	Prestwick	0.5771730042799208	0.1517174066538816
sildenafil	Prestwick	0.3587892802501752	0.1510915122033556
ciprofloxacin	Prestwick	0.5530500504235283	0.1494985390350847
loxoprofen	Prestwick	0.2227497922891549	0.1491781649604228
carbinoxamine	Prestwick	-0.376126253118964	0.1491388380019393
naltrexone	Prestwick	0.3697485868938118	0.147516470009888
eticlopride	Prestwick	0.1735379381891283	0.147337196744966
sulfaquinoxaline	Prestwick	0.7562165424167552	0.1424094565812559
reserpine	Prestwick	-0.3179858940011819	0.1409671431997113
enoxacin	Prestwick	0.3573589356929256	0.1402323753172035
norethindrone	Prestwick	0.1505984580352604	0.1397618410895895
guanfacine_hydrochloride	Prestwick	-0.6280395739908861	0.1388143900829559
tetramisole_hydrochloride	Prestwick	-0.6199434613258237	0.1367962004127191
gestodene	Prestwick	-0.3404863722629738	0.1366690847347877
voglibose	Prestwick	-0.8386400880765775	0.1343063329009519
clorgyline_hydrochloride	Prestwick	-0.6635245394676385	0.1302584620111423
cinoxacin	Prestwick	0.1188250816484841	0.1286292414915152
nifuroxazide	Prestwick	0.277267032933446	0.1279549941464914
sulmazole	Prestwick	0.2686679450530324	0.1239433641348249
dapsone	Prestwick	-0.158588791230004	0.12361281959389
pentoxifylline	Prestwick	-0.0402416123176278	0.1228187352647589
cyclandelate	Prestwick	0.5052105110411174	0.121104660579478
2-aminobenzenesulfonamide	Prestwick	-0.9862260445005596	0.1181519310921332
d-phenylalanine	Prestwick	-0.7931627281078037	0.1156607376192922
isoxsuprine_hydrochloride	Prestwick	0.5982018105952117	0.1156563414856218
tamoxifen_citrate	Prestwick	0.3386430147706611	0.1145988637125813
vinpocetine	Prestwick	0.3276559854337057	0.1143163763577535
cortisone	Prestwick	-0.0087184947861941	0.1134948050437244
lacidipine	Prestwick	-0.8160567024715959	0.110901330880237
mebhydroline_1,5-naphtalenedisulfonate	Prestwick	-0.1136147264262099	0.1096169689744782
aminoglutethimide	Prestwick	-0.1524137507240105	0.1085777472550623
barnidipine	Prestwick	0.9916258707375212	0.1043280835876978
nialamide	Prestwick	0.4820128548383729	0.1040101971725152
methocarbamol	Prestwick	-0.6483802318140776	0.103750101036415
theophylline	Prestwick	-0.7591803580220371	0.1036277158388643
propranolol_hydrochloride	Prestwick	0.2407701995443964	0.1034163774145727
sulfamonomethoxine	Prestwick	-0.0848084209357887	0.1024176993950667
phenothiazine	Prestwick	-0.0619610083410565	0.0993887663802617
fenclozic_acid	Prestwick	-0.3046624809643856	0.0977122303184913
butoconazole_nitrate	Prestwick	0.4203063142569821	0.0962061989747571
fluorometholone	Prestwick	-0.3624077345970106	0.0961846850325293
tegaserod_maleate	in_vitro_inactive	0.1262208331524757	0.0956528971466631
rufloxacin	Prestwick	0.2845577844728514	0.0952771195674058
temozolomide	Prestwick	-0.4692670236990723	0.0946633592926635
lomefloxacin_hydrochloride	Prestwick	0.6027946268467197	0.0939472644780835
aclidinium_bromide	Prestwick	0.4485183442065937	0.0914363786318698
demecarium_bromide	Prestwick	0.313957402440716	0.0898943220718932
benzylhydrochlorothiazide	Prestwick	0.1942799615566241	0.0875231277105353
corticosterone	Prestwick	-0.0484178506861823	0.0852722429060747
physostigmine	Prestwick	-0.237134403649299	0.0818521387408597
novobiocin	Prestwick	1.1727673026530727	0.0815054643157514
methylergonovine_maleate	Prestwick	0.5133462842756874	0.080534898627345
thiocolchicoside	Prestwick	-1.0943974161360257	0.0776922976070108
benoxinate_hydrochloride	Prestwick	-0.2456530154491928	0.0719509701607418
imipramine_hydrochloride	Prestwick	0.161162081977492	0.0714266734356585
sumatriptan_succinate	Prestwick	-0.3598310408948363	0.0695562620757627
enilconazole	Prestwick	-0.3980676436432724	0.0687418700262396
sulfaphenazole	Prestwick	0.495296151436877	0.0678193092215132
chlorphenesin_carbamate	Prestwick	-0.6373146115469025	0.0669511914736057
ropinirole_hydrochloride	Prestwick	-0.2053834477671721	0.0654349955332398
methylene_blue	Prestwick	-0.1471849674747799	0.0616233438736463
benzamil_hydrochloride	Prestwick	0.7016604584094515	0.0614059939241128
picrotoxinin	Prestwick	-1.4360654686822127	0.0609014984794572
zaleplon	Prestwick	0.7160224755737297	0.0588822053829889
torsemide	Prestwick	0.5131817751959931	0.0575894394553701
clenbuterol_hydrochloride	Prestwick	-0.4690755446785331	0.057402807069169
sulfameter	Prestwick	-0.0165528254653756	0.0561431569510124
pitavastatin_calcium	Prestwick	0.7669545497603595	0.0555737748038702
chromocarb	Prestwick	-0.1984633075521452	0.0555722051331166
trimeprazine_tartrate	Prestwick	-0.2227300473091633	0.0543903246643859
sulbactam	Prestwick	-1.385483606760062	0.0524303258777097
tacrine_hydrochloride	Prestwick	0.3488976035421208	0.0509265430836169
cefamandole	Prestwick	0.2879980963858364	0.0491776531534845
dibucaine	Prestwick	0.2124739034107504	0.0486810940941168
crotamiton	Prestwick	-0.6230010670312414	0.0485395892193194
diphenylpyraline_hydrochloride	Prestwick	0.1011791290505986	0.0474040517808467
glafenine	Prestwick	0.8385285684377668	0.0433510537225138
thioperamide_maleate	Prestwick	0.2407447877219012	0.0431374178004022
nefopam_hydrochloride	Prestwick	0.2288715250262988	0.0431303865175964
lansoprazole	Prestwick	0.8540785222324836	0.0423792607098101
oxiconazole_nitrate	Prestwick	0.8309766254877166	0.0415270820402337
metyrapone	Prestwick	-0.4318972778765872	0.0402224013361774
tosufloxacin	Prestwick	0.3332190866548974	0.0381878881748176
iodipamide	Prestwick	-0.1124738181306839	0.0371834484402547
eperisone	Prestwick	0.127456449147979	0.0366489794506591
bisbentiamine	Prestwick	-0.1535632704825172	0.0361852293819246
dicyclomine_hydrochloride	Prestwick	-0.1834798553010973	0.03594539408358
promethazine_hydrochloride	Prestwick	-0.3313668732911321	0.0350914969782693
ethionamide	Prestwick	-1.0946467461573228	0.034987276703791
etodolac	Prestwick	0.0950548716710934	0.0336889801666389
quinidine	Prestwick	0.2733020742605397	0.0334410485740614
fenclofenac	Prestwick	0.5870178925456498	0.0329541593878827
sulfanilamide	Prestwick	-1.0772255988401385	0.0327589354351662
nafcillin	Prestwick	0.3253775714362399	0.0309825394561584
ampiroxicam	Prestwick	0.464269778902129	0.0300527437554977
sulindac	Prestwick	0.8408762112037379	0.0286450210950569
dronedarone_hydrochloride	Prestwick	0.5862167047893906	0.0276276864853454
stanozolol	Prestwick	0.2423609010339101	0.0263556280850147
spiperone	Prestwick	1.2953793165782466	0.0248306182347165
zuclopenthixol	Prestwick	0.6920978947202302	0.0242364468511758
seratrodast	Prestwick	0.6187479201721844	0.0228593132765848
empagliflozin	Prestwick	1.515313474316465	0.0210046562155887
ethamivan	Prestwick	-0.5172699641398597	0.0205812594298621
phenylbutazone	Prestwick	0.2103952413309715	0.0180461797414595
moxonidine	Prestwick	-0.703699788790498	0.017632239588164
mitotane	Prestwick	0.1558569402522518	0.0157215537356573
dibenzepine	Prestwick	0.3610621374848502	0.0135912798623104
clioquinol	Prestwick	-0.5886693822257171	0.012706502222147
argatroban	Prestwick	0.1946282512188466	0.0119273766483445
alogliptin_benzoate	Prestwick	0.0756064788106726	0.010100573689109
prenylamine	Prestwick	1.0405137312972914	0.0085032851397605
nitrofurazone	Prestwick	-0.9531743362914736	0.0083251227405619
saquinavir_mesylate	Prestwick	0.8866116439577584	0.0071951189580307
alclometasone_dipropionate	Prestwick	-1.31504985071165	0.0062410857741871
cefuroxime	Prestwick	0.0594232639316233	0.0057230996690408
sulfacarbamide	Prestwick	-0.7188346889987469	0.0043626569299451
allylestrenol	Prestwick	0.2282917100828914	0.003865168312246
hydrochlorothiazide	Prestwick	-0.4691649111493945	0.0036227980139514
levofloxacin	Prestwick	0.4869068666816896	0.000483136829005
naloxone_hydrochloride	Prestwick	0.1410760116094526	-0.0004831368290049
lumiracoxib	Prestwick	0.7161934438253407	-0.0032689702771859
zomepirac	Prestwick	0.3050733286152652	-0.0039236440090304
ioversol	Prestwick	-1.100387789755998	-0.0051573337549939
midodrine_hydrochloride	Prestwick	-0.5058664028102112	-0.006141762393641
crisaborole	Prestwick	0.4633318495494979	-0.0077999914002896
vincamine	Prestwick	-0.2587075315387006	-0.0085645138320005
mafenide_hydrochloride	Prestwick	-1.000130472459391	-0.0091915873822302
cianidanol	Prestwick	1.2718349149954016	-0.0092736930608008
xylazine	Prestwick	-0.4477969600189808	-0.0114409744969484
quinapril_hydrochloride	Prestwick	0.8661284509690408	-0.0120177835729878
dolutegravir	Prestwick	1.6240130279196576	-0.0149390341555904
piromidic_acid	Prestwick	0.126373777036622	-0.0149404724007553
furosemide	Prestwick	0.124398811119403	-0.0174368486919279
naftopidil_dihydrochloride	Prestwick	1.3748933734122657	-0.0175877555350347
chlorpropamide	Prestwick	-0.4291325455568482	-0.0177047823744126
paroxetine_hydrochloride	Prestwick	0.7563767107761715	-0.0206037279513347
pergolide_mesylate	Prestwick	0.0079196486705482	-0.0209666083228958
isoproterenol	Prestwick	-0.4654897803183199	-0.0216234277671844
buflomedil	Prestwick	-0.3695572489489624	-0.0234510267557684
metoclopramide	Prestwick	-0.3480972799433668	-0.0278599511656746
nalidixate_sodium	Prestwick	-0.2088865791674643	-0.0296042838900299
cefpirome	Prestwick	0.2421718702409671	-0.0309252655547178
famotidine	Prestwick	-0.251483131767122	-0.0318826218650569
flupentixol	Prestwick	0.6791134439376388	-0.0325230046197287
enrofloxacin	Prestwick	0.5024800748054972	-0.0331314984858821
thiorphan	Prestwick	-0.4816209959553543	-0.0341731483091659
methoxamine_hydrochloride	Prestwick	-0.6746000337030261	-0.0355255418769699
cloxacillin	Prestwick	0.4062568579926124	-0.037149545870336
iopanoic_acid	Prestwick	-1.066999244383627	-0.0372938966820244
nepafenac	Prestwick	0.3950362754301812	-0.03759604536703
azaribine	in_vitro_inactive	0.0436275747943825	-0.0378623933000835
chlorzoxazone	Prestwick	-0.9310475757449888	-0.0403608469917728
midecamycin	Prestwick	-4.907440612067111	-0.0403768256065668
guanadrel_sulfate	Prestwick	-0.929566365561638	-0.0426054807202223
azithromycin	Prestwick	-6.827858009831652	-0.0428674781850457
cefepime_hydrochloride	Prestwick	-0.4712053545384457	-0.0443503703196014
etanidazole	Prestwick	-0.9790130630255856	-0.0486589971027966
iproniazid_phosphate	Prestwick	-0.7389934807727262	-0.050556561982441
vonoprazan	Prestwick	0.1368653706081045	-0.0538849535326404
alendronate_sodium	Prestwick	-1.636467195175413	-0.0540924392021335
flurandrenolide	Prestwick	-0.8702589175439005	-0.0564311728920254
minaprine	Prestwick	0.527300461705579	-0.0572046489117735
clozapine	Prestwick	0.5614856065024831	-0.0582366191275619
caffeine	Prestwick	-0.7108736789912434	-0.0604904675893149
pimethixene_maleate	Prestwick	0.0762418663709669	-0.0613663448951636
sofalcone	Prestwick	1.0649704785975742	-0.065345195621361
troxipide	Prestwick	-0.2021534401706806	-0.065615306516876
azelastine_hydrochloride	Prestwick	1.0913378630733013	-0.0675986653951263
tioconazole	Prestwick	0.0186799762306036	-0.0678073926957101
pinacidil	Prestwick	-0.5886378420483872	-0.068373322589253
gliclazide	Prestwick	0.7289535757302922	-0.0701429101415017
hymecromone	Prestwick	-0.312899574406645	-0.0704917778242102
acedoben	Prestwick	-0.7338691240180447	-0.0737609669405846
propranolol	Prestwick	0.2407701995443964	-0.0737737852746486
cefotetan	Prestwick	0.1982960484848149	-0.0754708074676219
hydroxychloroquine_sulfate	Prestwick	0.2619532200204149	-0.0773049740834788
fipexide_hydrochloride	Prestwick	1.2899503790996614	-0.0800943958003536
levalbuterol_hydrochloride	Prestwick	-0.2859638889206857	-0.0826085993550069
dextromethorphan	Prestwick	-0.3335495143687422	-0.0840312551623438
docetaxel	Prestwick	-7.746590581059127	-0.0840948065487413
albuterol	Prestwick	-0.2687600154885688	-0.0853416037658391
pentobarbital	Prestwick	-0.8475951227093718	-0.0855187426684883
ticarcillin	Prestwick	-0.3760934876075904	-0.085557190339813
oxolamine	Prestwick	-0.2608515058763533	-0.0858538878413846
loratadine	Prestwick	0.1851729380299208	-0.08592563004956
voriconazole	Prestwick	0.2589409663890928	-0.0870100710473962
camylofin	Prestwick	-0.3260975128952137	-0.0872993438098276
enalapril_maleate	Prestwick	0.5365623679774083	-0.0876494621429746
brompheniramine_maleate	Prestwick	-0.306692381510715	-0.089561106972394
thiabendazole	Prestwick	-0.6718294377567069	-0.0897408428217701
fosinopril	Prestwick	0.4293435615871162	-0.0918204198801805
flucloxacillin_sodium	Prestwick	0.3820272349079333	-0.0933618966191363
pyridostigmine	Prestwick	-1.0426800799128113	-0.093795259794533
diazoxide	Prestwick	-0.5455363674360209	-0.0943598945540545
moxifloxacin	Prestwick	0.5614046880991064	-0.0946343049598754
metolazone	Prestwick	0.3405549099809339	-0.0957441338977448
clemastine_fumarate	Prestwick	0.0773775383561411	-0.0960595265157217
nifenazone	Prestwick	1.0339783455442242	-0.0964046716899323
xamoterol_hemifumarate	Prestwick	0.1590588511093571	-0.0964900777424726
stavudine	Prestwick	-0.1477698297165375	-0.096531541841583
(-)_eseroline_fumarate_salt	Prestwick	-0.8011414541778553	-0.097092276440969
sulfadiazine	Prestwick	-0.2024730939731345	-0.0975256373073869
alfadolone	Prestwick	0.0477895998191636	-0.0976299411725598
antipyrine	Prestwick	-0.2669548898728104	-0.098485519474696
diperodon	Prestwick	0.8893676371697318	-0.0987883525820337
flunarizine_dihydrochloride	in_vitro_inactive	1.4534842300958024	-0.1004680575071839
clomiphene	Prestwick	0.6737211899992193	-0.1005126631966216
pronetalolhydrochloride	Prestwick	0.1864556060958177	-0.1019639665803213
oxprenolol_hydrochloride	Prestwick	-0.3910295255267595	-0.1024098579789785
emedastine_difumarate	Prestwick	-0.5989183721672354	-0.104096818528996
practolol	Prestwick	-0.1894270595652675	-0.1048950148021278
darifenacin_hydrobromide	Prestwick	1.5026580982390634	-0.1068520004037823
isosorbide_dinitrate	Prestwick	-1.2129969366402418	-0.1073568525693823
cefmetazole	Prestwick	-0.3060736096221566	-0.1113676908369936
nelfinavir_mesylate	Prestwick	-0.1078785859732915	-0.1119684999081344
paroxypropione	Prestwick	-0.7954292355014101	-0.117118674042826
amyleine_hydrochloride	Prestwick	-0.7480438162685079	-0.1205741479664638
ezetimibe	Prestwick	1.564365006977667	-0.1219775488295948
nilvadipine	Prestwick	-0.3588674727454553	-0.1222281360981323
anastrozole	Prestwick	-0.5043784598378436	-0.1254910973786368
terazosin_hydrochloride	Prestwick	1.2413621866158049	-0.1260381853040653
alosetron_hydrochloride	Prestwick	0.8282251435484642	-0.1262675964428589
amodiaquine_hydrochloride	Prestwick	0.9517714034675016	-0.1332541837122681
chlorpheniramine_maleate	Prestwick	-0.2859620034646052	-0.1354149948954048
azathioprine	Prestwick	-0.6728358414437828	-0.1359116208775792
deferiprone	Prestwick	-1.2769863084796464	-0.1374110580925509
etoricoxib	Prestwick	-0.1276306057149498	-0.1392369860346777
ascorbic_acid	Prestwick	-1.05282045013184	-0.1411821246276564
mesna	Prestwick	-2.6253959784136183	-0.1446121840967381
6-benzylaminopurine	Prestwick	0.0049650156546673	-0.1482452541373711
didanosine	Prestwick	-0.1488555423425033	-0.148717601047271
dimethadione	Prestwick	-1.5870292325848558	-0.1490814269373405
secnidazole	Prestwick	-1.0002343899942017	-0.1491474704095959
ritonavir	Prestwick	1.0098268548361682	-0.1492777853934265
norfloxacin	Prestwick	0.4186194223091682	-0.1494803964069244
aceclidine	Prestwick	-1.620263368454054	-0.1524945440243978
flumethasone	Prestwick	-0.2995612953855791	-0.1535710792615045
pivmecillinam_hydrochloride	Prestwick	0.2028135313249142	-0.1547793987044218
tiletamine_hydrochloride	Prestwick	-0.981719051042383	-0.1563491873011905
rimantadine_hydrochloride	Prestwick	-1.0211850022934787	-0.1564484474522504
azlocillin	Prestwick	0.1489166755463978	-0.1570052158252919
cefpiramide	Prestwick	0.307727083795148	-0.1573006905565968
oxantel	Prestwick	-0.1276797907229411	-0.1585017437867679
memantine_hydrochloride	Prestwick	-0.7991652726345045	-0.1585792135297263
oxybutynin_chloride	Prestwick	0.2514795697138914	-0.1612088596863576
thiamine_hydrochloride	Prestwick	-0.254857653444983	-0.1644916545639091
lamivudine	Prestwick	-0.7121640035006335	-0.1647612379785413
dosulepin_hydrochloride	Prestwick	-0.2672492789484959	-0.1653075859309384
kinetin	Prestwick	-0.3994541185269682	-0.1658534221341892
etravirine	Prestwick	0.8864946766784633	-0.1666847341397263
phenoxypropazine	Prestwick	-0.902310202715326	-0.1668244359011206
bromperidol	Prestwick	1.11176772731658	-0.1676231049937641
zonisamide	Prestwick	-0.4683381850327205	-0.169044344972926
inamrinone	Prestwick	-0.4620506023339926	-0.169828012840836
valsartan	Prestwick	1.1008623603199363	-0.1717344996233587
prosultiamine	Prestwick	-0.4233221656401438	-0.1718058870942304
chlorthalidone	Prestwick	0.4767819714035733	-0.1725914328248904
verapamil_hydrochloride	Prestwick	0.5236608518269049	-0.1738253840133172
phentolamine_hydrochloride	Prestwick	0.0478670045668164	-0.1767501215845761
acyclovir	Prestwick	-0.6821761738536427	-0.1805771572698471
fulvestrant	Prestwick	1.2023985825504724	-0.1808894981863532
mitoxantrone	Prestwick	-0.042222418365599	-0.1840606529906077
acetylcysteine	Prestwick	-1.8122928754864895	-0.1848048112478102
carbazochrome_sodium_sulfonate	Prestwick	0.1900161342396982	-0.1850585376787787
dopamine_hydrochloride	Prestwick	-0.9129757887811916	-0.1874004915058995
telenzepine_dihydrochloride	Prestwick	-0.8607445248434086	-0.1876020708153092
carisoprodol	Prestwick	-0.8320008922409864	-0.1889790912088638
levopropoxyphene_napsylate	Prestwick	-0.2915943152853595	-0.1899845737173076
aspirin	Prestwick	-0.4478729934092055	-0.1903377930117545
tiaramide_hydrochloride	Prestwick	0.3061498479101458	-0.1903814719322341
bromhexine_hydrochloride	Prestwick	-0.1938800128989352	-0.1923190048383721
clebopride_maleate	Prestwick	1.1646823374986512	-0.1947075247638291
ronidazole	Prestwick	-1.1099658340487886	-0.1947553476633865
doxorubicin_hydrochloride	Prestwick	0.4940520355522537	-0.1959025707629876
neostigmine_bromide	Prestwick	-0.727866009396158	-0.1964837936723566
sertindole	Prestwick	1.393101004211481	-0.1974936514248447
pancuronium_bromide	Prestwick	-2.285105590092738	-0.1976090380717416
nylidrin	Prestwick	0.6379969159119736	-0.1980398228698553
lofexidine	Prestwick	-0.3089121417061342	-0.2002754603327919
rosuvastatin	Prestwick	0.4617918857895026	-0.2012436627769029
nifekalant	Prestwick	0.4585074365945512	-0.2017414046464654
ofloxacin	Prestwick	0.635775442739627	-0.2025098374450796
adapalene	Prestwick	1.1303551265324463	-0.2032821699236187
dihydroergotamine	Prestwick	0.983594456954386	-0.2034834640915242
mosapride	Prestwick	0.8762572816759725	-0.2036083146687184
acetaminophen	Prestwick	-1.026465274915723	-0.2088025625150943
delapril_hydrochloride	Prestwick	0.8324904265416354	-0.2092098319899735
climbazole	Prestwick	-0.2139804267125149	-0.2123123071089314
loperamide_hydrochloride	Prestwick	0.5446688951786619	-0.215653364769174
chloroxine	Prestwick	-0.4117696556354307	-0.2171901631961322
cyclopentolate_hydrochloride	Prestwick	-0.250681961435625	-0.2188225664585769
loxapine_succinate	Prestwick	0.2605225243547888	-0.2194396384582483
chloroquine	Prestwick	0.1699703269001893	-0.2197760100241947
chloropyramine	Prestwick	-0.4074360457289182	-0.220291401966002
cefsulodin	Prestwick	-0.0781120687152429	-0.2229546307669141
pravastatin	Prestwick	0.4400068959872107	-0.2245786992451528
famciclovir	Prestwick	-0.0391642068563365	-0.2249787929304547
acefylline	Prestwick	-0.5082420904018672	-0.2253364065145655
closantel	Prestwick	0.0190815490627266	-0.2262193761032131
iohexol	Prestwick	-1.0460608851024524	-0.2262788264593036
phenazopyridine_hydrochloride	Prestwick	-0.0193133922419154	-0.2267367940721082
tryptophan	Prestwick	-0.2397047358300004	-0.2270103328206618
flavoxate_hydrochloride	Prestwick	1.4912455154043502	-0.2284946131018259
cyclacillin	Prestwick	-0.49064959958556	-0.2322935610922022
tenoxicam	Prestwick	0.5991773670581807	-0.2330499864267288
pheniramine_maleate	Prestwick	-0.4013193143250452	-0.233592738099413
befunolol	Prestwick	0.1083113243864624	-0.2338255731695541
amitriptyline_hydrochloride	Prestwick	0.3172614943252327	-0.2345174873597686
eprobemide	Prestwick	-0.2060299887455237	-0.2352498458815033
tropisetron	Prestwick	0.6853640693518456	-0.2370931814135018
levetiracetam	Prestwick	-1.1967945972326606	-0.239323147284291
diphemanil_methylsulfate	Prestwick	-0.0494150454808441	-0.2419774744305523
procainamide_hydrochloride	Prestwick	-0.5529828956663722	-0.2423720171872325
pirenzepine_dihydrochloride	Prestwick	-0.5668617114272384	-0.242955463791977
oxybenzone	Prestwick	0.0768847156764314	-0.2430945822923238
alprenolol_hydrochloride	Prestwick	-0.3551474328579557	-0.2432770254480664
trimebutine	Prestwick	0.2789191771850918	-0.2443414959359202
dimetridazole	Prestwick	-1.5296327751733727	-0.245198816637293
finasteride	Prestwick	0.0416599886202968	-0.2459217355147203
mephentermine	Prestwick	-1.120840099812158	-0.2466006360626092
amezinium_metilsulfate	Prestwick	-0.4766620405602974	-0.2485630369221207
cinacalcet_hydrochloride	Prestwick	1.6351726166302956	-0.2488461416430012
nifurtimox	Prestwick	-0.0130144577612086	-0.2491779483977474
letrozole	Prestwick	0.0221703946910155	-0.249668595954777
loracarbef	Prestwick	0.8025703730428297	-0.2530792047779123
josamycin	Prestwick	-4.039229278866405	-0.2534643712229487
pipemidic_acid	Prestwick	0.1515337803036689	-0.2540750141220136
diethylstilbestrol	Prestwick	0.2820100457429217	-0.2544674955206364
bosutinib	Prestwick	0.3788120741424149	-0.255205041020025
ethosuximide	Prestwick	-1.46527937125248	-0.256572879222122
aripiprazole	Prestwick	1.4616731865855317	-0.2568382884432827
anthralin	Prestwick	0.7216410237144998	-0.2571583840673182
pentamidine_isethionate	Prestwick	0.5980952583152034	-0.2604525406002494
cefadroxil	Prestwick	0.9567136330228015	-0.2610263320578563
estriol	Prestwick	0.4670601635287874	-0.2616278781370499
panthenol	Prestwick	-1.1262824049062614	-0.262642127359328
folic_acid	Prestwick	1.392168447294067	-0.2650767518372298
atorvastatin	Prestwick	0.2810254539339177	-0.2677925574477554
amprolium	Prestwick	0.235844842640771	-0.268458763189213
latanoprost	Prestwick	0.7841874312968948	-0.268775722080421
lamotrigine	Prestwick	-0.0926913566254374	-0.2706362514620869
ampicillin	Prestwick	0.0746513412880365	-0.2708155953897252
fluorouracil	Prestwick	-1.521521993380568	-0.270862255206091
fluvoxamine_maleate	Prestwick	-0.0872739087467276	-0.2714111906274617
clopidogrel	Prestwick	0.0066692582453826	-0.2716003200310049
cisapride	Prestwick	1.0030643531049714	-0.2742159321456239
dofetilide	Prestwick	0.5134199438521166	-0.2744283491295896
methyldopa	Prestwick	-0.5354792288540643	-0.2749669839917893
fentiazac	Prestwick	0.8833949795184235	-0.2773657014603026
ethambutol	Prestwick	-1.3423017691063517	-0.2785375763285204
sobuzoxane	Prestwick	0.632414781292346	-0.2790474847039814
miglitol	Prestwick	-1.2651198601160514	-0.2796041555532322
pyrantel_tartrate	Prestwick	-0.7529775480573175	-0.2805036542683262
althiazide	Prestwick	-0.6835736520703178	-0.2831273645464764
cefdinir	Prestwick	0.5041008403372451	-0.28423124073153
diclazuril	Prestwick	0.6419052430526753	-0.2882645179515331
pregabalin	Prestwick	-1.3962346054628323	-0.2891211914722609
allantoin	Prestwick	-1.2692093338557064	-0.2912053444886546
acitretin	Prestwick	0.9511416732198632	-0.2933014499145389
nisoldipine	Prestwick	-0.8462050074243784	-0.2938864119193751
econazole_nitrate	Prestwick	0.451155317071943	-0.2943750539616009
topotecan	Prestwick	0.5829491623668629	-0.2945103843157768
erlosamide	Prestwick	-0.4428193946732934	-0.2954449657714263
thonzonium_bromide	Prestwick	0.0207782638945772	-0.2960214876374364
naphazoline_hydrochloride	Prestwick	0.1660205271029635	-0.296848970147852
promazine_hydrochloride	Prestwick	-0.2107633751928323	-0.2970129385744111
isometheptene_mucate	Prestwick	-1.0045122202767005	-0.2987074952199146
moclobemide	Prestwick	-0.3266567790726018	-0.2994761952120754
losartan	Prestwick	0.8453074834080961	-0.3032154107845963
cyclobenzaprine_hydrochloride	Prestwick	0.2449559954166088	-0.3054606097102069
fenspiride_hydrochloride	Prestwick	0.0919012858328883	-0.3055103853101207
bupropion_hydrochloride	Prestwick	-0.3647626659800898	-0.30585652613765
tulobuterol_hydrochloride	Prestwick	-0.5852247833638572	-0.3078160153478701
pindolol	Prestwick	-0.1869189250789018	-0.3079304616288811
fleroxacin	Prestwick	0.4204867088388901	-0.3085926115060274
tibolone	Prestwick	-0.5894324260220561	-0.3087712225521763
citalopram_hydrobromide	Prestwick	-0.1581966594274526	-0.312132384439592
metacetamol	Prestwick	-0.9387592229859356	-0.3147545439735937
thioridazine_hydrochloride	Prestwick	0.0558972158130055	-0.3151898999782476
triprolidine_hydrochloride	Prestwick	0.3267002694269497	-0.3169823231660879
rifaximin	Prestwick	-27.697444752059123	-0.3189661556540226
doxapram_hydrochloride	Prestwick	-0.8300056344292817	-0.3189878683594079
frovatriptan_succinate	Prestwick	0.1200263966225009	-0.3198222530218391
suloctidil	Prestwick	0.0791864181396862	-0.3228445919679236
thiamphenicol	Prestwick	0.0214599930601543	-0.3239795399056096
vardenafil	Prestwick	0.4470192459624473	-0.3249319484609728
amethopterin	in_vitro_inactive	1.1668907557077146	-0.3254258823975127
zolmitriptan	Prestwick	0.1310935272237521	-0.3261420090886759
ropivacaine_hydrochloride	Prestwick	-0.1686043455748507	-0.3265480258439593
propantheline_bromide	Prestwick	0.630859504659243	-0.3288797500173152
rifabutin	Prestwick	-40.22168621227267	-0.3293358521139707
protriptyline_hydrochloride	Prestwick	0.0446315776643017	-0.3293851541701558
tribenoside	Prestwick	0.4133345791203073	-0.3316159057142095
isosorbide_mononitrate	Prestwick	-1.3121538906208186	-0.3365390391302527
pyridoxine_hydrochloride	Prestwick	-0.9600845819857736	-0.3396326006758292
fudosteine	Prestwick	-1.792058536260002	-0.3403936217985902
pemetrexed_disodium	Prestwick	1.4526640182141712	-0.3404704621025853
tolazoline_hydrochloride	Prestwick	-0.7197906144094265	-0.3409340572949124
desipramine_hydrochloride	Prestwick	0.0587384575977532	-0.3427359344321001
remoxipride_hydrochloride	Prestwick	-0.3173827455627737	-0.3444741672425598
bambuterol	Prestwick	-0.2491547011898213	-0.3446099706224483
idoxuridine	Prestwick	-0.4590066973248183	-0.3482626774321978
ceftazidime	Prestwick	-0.6059666037615518	-0.3492164032542497
phenelzine_sulfate	Prestwick	-1.0942359274848537	-0.349806964777029
primidone	Prestwick	-0.8097035934317607	-0.3502057365102631
levodopa	Prestwick	-0.5445342136126069	-0.351356944341391
benfotiamine	Prestwick	0.3387982613694645	-0.3521692935028449
cefotiam_hydrochloride	Prestwick	0.4072833854219403	-0.3541576338997379
mirabegron	Prestwick	1.3306960374909682	-0.3544688491799622
oxytetracycline	Prestwick	-2.297865201805045	-0.3573669177613882
biotin	Prestwick	-0.8564270492546522	-0.3587422209929735
mecamylamine_hydrochloride	Prestwick	-1.6005304351359997	-0.36418126110334
mianserin_hydrochloride	Prestwick	0.2602059664887496	-0.3650042745639003
ethinyl_estradiol	Prestwick	-0.0064855097052351	-0.3652764122921668
etofylline	Prestwick	-0.5962383080965057	-0.3656572990000426
pargyline_hydrochloride	Prestwick	-1.1061279478366386	-0.3665736281173185
edrophonium_chloride	Prestwick	-1.0749057648511309	-0.3675532582693877
carteolol_hydrochloride	Prestwick	0.32195981893958	-0.3678609775225189
diphenhydramine_hydrochloride	Prestwick	-0.3216032656757076	-0.3685713628684327
diltiazem_hydrochloride	Prestwick	-0.8753973781014547	-0.3741535981282194
8-azaguanine	Prestwick	-1.0128245792123467	-0.3749293246620684
sertraline	Prestwick	0.8520098470235264	-0.3753831347183819
amoxicillin	Prestwick	0.3125849850498025	-0.3754350179174308
orphenadrine_hydrochloride	Prestwick	-0.1897058957933061	-0.3758799228940525
acetanilide	Prestwick	-1.1940902624101444	-0.376352170021986
olanzapine	Prestwick	0.0624848779393334	-0.3810244219725938
cyclophosphamide	Prestwick	-1.5897744406230798	-0.3810533752961891
mesalamine	Prestwick	-0.8643920135431239	-0.3814889337654793
hexamethonium	Prestwick	-1.732425593608066	-0.3823274910365836
galantamine_hydrobromide	Prestwick	-0.0927024660004508	-0.3825513253270747
toremifene	Prestwick	0.138782722961437	-0.382905712597693
lomitapide	Prestwick	0.523598068023818	-0.3835355662044908
adiphenine_hydrochloride	Prestwick	0.1041401320620089	-0.3875168810309789
tranylcypromine_hydrochloride	Prestwick	-0.9972996959007038	-0.38769551921488
acipimox	Prestwick	-1.1793896207055146	-0.3883788178948941
repaglinide	Prestwick	0.9455919059165718	-0.391451997970138
venlafaxine	Prestwick	-0.3188674599010317	-0.39155170323686
ganciclovir	Prestwick	-0.5110928956027428	-0.3920658543301137
amoxapine	Prestwick	0.1728179644516102	-0.3929372964730676
isoniazid	Prestwick	-1.2186823230841677	-0.3929976616200387
haloperidol	Prestwick	1.1233832065145015	-0.3938312387784633
glycopyrrolate	Prestwick	0.119624753286341	-0.3942135318825833
budralazine	Prestwick	0.4785070472082008	-0.394645411181901
telmisartan	Prestwick	2.021535390188759	-0.3957948785093706
diethylpropion_hydrochloride	Prestwick	-0.7761850231859143	-0.3984277411564889
sulfamerazine	Prestwick	0.0382720528001829	-0.400982984018269
ornidazole	Prestwick	-0.8929690629281362	-0.4015421542894334
trimethoprim	Prestwick	0.0528146174530664	-0.4019873559431745
fluoxetine_hydrochloride	Prestwick	0.4887187012097044	-0.4037308078554181
mexiletine_hydrochloride	Prestwick	-0.6355201235927928	-0.4047199917858252
ondansetron_hydrochloride	Prestwick	0.8840704488378388	-0.4068320738896614
metrizamide	Prestwick	-1.4439458516781618	-0.4070065690094811
levomepromazine	Prestwick	-0.1743457249643562	-0.4086858779060909
carbidopa	Prestwick	-0.5534704077098086	-0.4089850886426022
disopyramide	Prestwick	-0.3776165096593881	-0.409722229895734
hydroflumethiazide	Prestwick	-0.3742313037314214	-0.4105968866334326
reboxetine_mesylate	Prestwick	0.2018704043700752	-0.4112029326018103
granisetron	Prestwick	0.735475609560102	-0.4113975778908814
thyroxine	Prestwick	-0.256628533553827	-0.4131538584161015
oxiracetam	Prestwick	-1.3334660210021678	-0.4176833970518302
carbachol	Prestwick	-2.0356984920610373	-0.4183294940466615
molindone_hydrochloride	Prestwick	0.0204537575309756	-0.4213272019223017
gabapentin	Prestwick	-1.4240544417143757	-0.4225456297245455
fomepizole	Prestwick	-2.414923116821915	-0.4235984418060196
viloxazine_hydrochloride	Prestwick	-0.5185417817819626	-0.4241743560496404
clonidine_hydrochloride	Prestwick	-0.7682895757176628	-0.424254229638789
doxylamine_succinate	Prestwick	-0.4495401918789219	-0.4245890536837313
metixene_hydrochloride	Prestwick	0.3850599755363545	-0.4253606157707714
zalcitabine	Prestwick	-0.4305454687910226	-0.4260763005075959
nizatidine	Prestwick	-0.8274843734955125	-0.4270274486625495
pomalidomide	Prestwick	0.6201664521351333	-0.4275659126386368
sarpogrelate	Prestwick	0.4680108517643601	-0.4284175677087647
piperidolate_hydrochloride	Prestwick	0.488537805862262	-0.4284518555856428
penicillamine	Prestwick	-1.9703279298202163	-0.42889862525163
sertaconazole_nitrate	Prestwick	0.8330507806573105	-0.4291902663332339
clobutinol	Prestwick	-0.5661469151197408	-0.4306205440918018
kanamycin	Prestwick	1.1447066711712934	-0.4312506937455654
cefixime	Prestwick	-0.2218006169023404	-0.4313465847069618
bemegride	Prestwick	-1.2809525253964815	-0.4319536259998977
fasudil_hydrochloride	Prestwick	0.3416951544192605	-0.4347919642303485
spectinomycin	Prestwick	-0.4678393405584244	-0.4352667785626214
mephenytoin	Prestwick	-0.4920193463814575	-0.4375500857876431
alcuronium_chloride	Prestwick	-11.999199050539636	-0.4386257207271986
oseltamivir_phosphate	Prestwick	-0.3760024101041438	-0.440122832478694
cefditoren_pivoxil	Prestwick	-0.7262484593117262	-0.4412735048342441
glutamine	Prestwick	-1.5451765995007245	-0.4433636975135752
bromfenac	Prestwick	0.4764263005389613	-0.4445278468702577
sulfaguanidine	Prestwick	-0.8067060529172315	-0.4457213149855146
lidocaine_hydrochloride	Prestwick	-0.6236381367158589	-0.447466934492532
deptropine_citrate	Prestwick	0.5886834261604809	-0.4484599704642433
norcyclobenzaprine	Prestwick	0.2149731758667179	-0.4496066649510302
posaconazole	Prestwick	1.3433667527780817	-0.4529834335847716
clemizole	Prestwick	0.4026937056720416	-0.4543022666503621
eszopiclone	Prestwick	0.1445575625140717	-0.4570643551068282
pentylenetetrazol	Prestwick	-0.9793521083588996	-0.4600132620386561
pramipexole_dihydrochloride	Prestwick	-0.7502059946344912	-0.460729419129503
biperiden_hydrochloride	Prestwick	0.1921501867373609	-0.4619656833089052
avermectin	Prestwick	-14.268560859599262	-0.4628359255993818
methacycline_hydrochloride	Prestwick	-1.1021392349353942	-0.4639648674827117
cimetidine	Prestwick	-1.008211955428224	-0.4654972809353969
clidinium_bromide	Prestwick	0.4924195626993022	-0.4657992001893739
lidoflazine	Prestwick	1.7668080344210777	-0.466145150253293
clinafloxacin	Prestwick	0.78496440974206	-0.4688612667695665
octoclothepin_maleate_salt	Prestwick	-0.5778719902215045	-0.4691781411979109
guaiacol	Prestwick	-1.368929154953126	-0.4710372125726415
thiethylperazine_maleate	Prestwick	0.0291427981729025	-0.4722086088329895
niacinamide	Prestwick	-1.5647633739476656	-0.4731697861108502
clodronate_disodium	Prestwick	-2.133219247463527	-0.4739455064908269
warfarin	Prestwick	0.7410787115244579	-0.4741825646621585
doxepin_hydrochloride	Prestwick	0.305519325916111	-0.4749735945802615
tramadol_hydrochloride	Prestwick	-0.629282216185641	-0.4766736308713178
prifinium_bromide	Prestwick	-0.1489894499206819	-0.4776310139052729
nadolol	Prestwick	0.4653038236888856	-0.4784698448874506
bethanechol_chloride	Prestwick	-1.962924347793604	-0.4802626200063869
lincomycin_hydrochloride	Prestwick	-0.2464025602408004	-0.4804404346763236
methantheline_bromide	Prestwick	0.2255856085643613	-0.4808893682298595
baclofen	Prestwick	-0.7514282286373095	-0.4824276833900821
nebivolol_hydrochloride	Prestwick	1.724551418711898	-0.483396725894937
azasetron	Prestwick	0.5304328582815059	-0.4885920221353923
oxymetazoline_hydrochloride	Prestwick	0.0658744369490098	-0.488664783898894
trifluridine	Prestwick	0.3060811881248527	-0.4886939903859433
itraconazole	Prestwick	1.0751194925067449	-0.4909309630720922
quinine	Prestwick	0.2858874339268303	-0.4930238052789812
ziprasidone	Prestwick	1.6439318136170773	-0.4960479084258423
sparfloxacin	Prestwick	0.7334416308111755	-0.4965975489936621
etilefrine	Prestwick	-0.7314306670208112	-0.4971883019052661
trapidil	Prestwick	-0.9376739513280132	-0.4983154957238899
leucine	Prestwick	-1.5868236407477954	-0.4992350216625608
cloperastine	Prestwick	0.4722739300497595	-0.4996106628729063
isradipine	Prestwick	-0.3937843521442958	-0.5003444416061996
butalbital	Prestwick	-0.7608731176208453	-0.5009303652642595
proflavine_hemisulfate	Prestwick	0.0357652111453052	-0.5010736716010061
gemcitabine	Prestwick	-0.3449247844621017	-0.5014451805946082
valproic_acid	Prestwick	-1.5535612910381624	-0.5032355168765298
irsogladine_maleate	Prestwick	-0.0962912263991956	-0.5039380348618561
aminosalicylic_acid	Prestwick	-0.8094497063638008	-0.5040343458983241
atracurium_besylate	Prestwick	-0.3485749256253131	-0.5085928833586318
ketotifen_fumarate	Prestwick	-1.517582476422375	-0.5122435069874909
fluvastatin	Prestwick	0.7622598690452724	-0.5132622784379254
ketoconazole	Prestwick	1.0722191649068913	-0.5174046487069308
cefsulodin_sodium_salt_hydrate	Prestwick	-0.1989958688870242	-0.5174243650218067
ifenprodil_tartrate	Prestwick	1.227400736635159	-0.5177430576002124
ramosetron_hydrochloride	Prestwick	0.9013717429178164	-0.5186344281912741
methacholine_chloride	Prestwick	-1.9962340253661068	-0.5207503708104189
rasagiline	Prestwick	-0.5079768627642287	-0.5208790212530579
nifedipine	Prestwick	-1.1767220250676975	-0.5212992338995324
aminocaproic_acid	Prestwick	-1.7392710550568795	-0.5221349242254811
clomipramine_hydrochloride	Prestwick	-0.1065312566759752	-0.5231503183960581
vigabatrin	Prestwick	-1.5594530509754518	-0.5242479857515222
glutathione	Prestwick	-0.6338008382148388	-0.5243355632014314
ancitabine_hydrochloride	Prestwick	-0.4503849248247498	-0.524490498982583
felodipine	in_vitro_inactive	-0.8470500418182	-0.5271341500540482
acebutolol_hydrochloride	Prestwick	0.090576598565754	-0.5276798290814003
anisotropine_methylbromide	Prestwick	-0.6233099493122489	-0.528120676532563
ioxaglic_acid	Prestwick	-2.3147494897966183	-0.5286648548586071
oxiglutatione	Prestwick	0.0019211650162591	-0.5291540980662828
efaroxan_hydrochloride	Prestwick	-0.4150171580712293	-0.530096898572753
procarbazine_hydrochloride	Prestwick	-0.5112812987902957	-0.5323619935883473
lomerizine	Prestwick	0.8512896360154666	-0.5331767353776661
methimazole	Prestwick	-2.439618721225005	-0.5338595597683081
tylosin	Prestwick	-2.0897850076088496	-0.5364071158761443
phenoxybenzamine_hydrochloride	Prestwick	0.2109430409298901	-0.5381965604303819
captopril	Prestwick	-1.0073851412701165	-0.5404118027774778
pidotimod	Prestwick	-0.3540810247111746	-0.5406679641514872
dacarbazine	Prestwick	-1.2324565802865592	-0.5426317360449767
sibutramine_hydrochloride	Prestwick	-0.5477658998621687	-0.5426975289806525
ceftezole	Prestwick	-0.2612931190182375	-0.5440932700189373
kanamycin	Prestwick	1.1447066711712934	-0.5443052042771795
mefloquine_hydrochloride	Prestwick	0.9089552112400006	-0.5467403250346718
acepromazine_maleate	Prestwick	-0.0193127897125553	-0.5467796667507813
imiquimod	Prestwick	0.153277071727895	-0.5482389297610262
methenamine	Prestwick	-2.5560935760682755	-0.5491641177009852
bephenium_hydroxynaphthoate	Prestwick	-0.052365665623917	-0.549489237734684
aminacrine	Prestwick	0.2901068587280797	-0.5500824507991592
cefuroxime_axetil	Prestwick	-0.2885638930138292	-0.5505638859210564
debrisoquin_sulfate	Prestwick	-0.3145464603112746	-0.5507242843339997
piroxicam	Prestwick	1.3107854490779005	-0.5522414118182075
xylometazoline_hydrochloride	Prestwick	-0.1909126064768659	-0.5541308002506425
bosentan	Prestwick	0.0677232455296656	-0.5542542455636672
nomifensine_maleate	Prestwick	0.0749596970980219	-0.5547210433193083
pilocarpine_nitrate	Prestwick	-0.8381685864207182	-0.5547538625766457
raltitrexed	Prestwick	1.4263483873831193	-0.5550352917336846
homochlorcyclizine	Prestwick	0.0874900866288863	-0.5552652015869478
hyoscyamine	Prestwick	-0.0105424494386435	-0.5593310057364138
ambroxol	Prestwick	-0.0587341514612732	-0.5597995063335357
cefazolin	Prestwick	0.4062571315073801	-0.5607242229292518
amiloride	Prestwick	-0.5073101956050867	-0.5672110327486557
iodixanol	Prestwick	-4.106069123816103	-0.5694328494341677
triflupromazine_hydrochloride	Prestwick	0.1951914649343238	-0.5696094992744646
oxedrine	Prestwick	-0.8931828187125623	-0.57118716672397
halofantrine_hydrochloride	Prestwick	0.4557073765037158	-0.5714806934454209
carvedilol	Prestwick	1.1859675558014742	-0.5715832938794695
hexetidine	Prestwick	-0.2634257082857029	-0.5716694524766834
(r)-duloxetine	Prestwick	0.1116216807784061	-0.5749012450026646
tranexamic_acid	Prestwick	-1.0606787118542986	-0.5754466228688152
pyrilamine_maleate	Prestwick	-0.3936805586439593	-0.5756146384861187
doxycycline_hydrochloride	Prestwick	-1.6588873556316346	-0.5762902417739575
imatinib	Prestwick	1.993082320966272	-0.5796972815774061
carazolol	Prestwick	0.5217889143722062	-0.5804534772732423
quatacaine	Prestwick	-0.4923057745250801	-0.582527922853177
bunazosin	Prestwick	0.8419642191793678	-0.5865794689312542
meprylcaine_hydrochloride	Prestwick	-0.4150414021711164	-0.5883110962510848
mirtazapine	Prestwick	0.1314652812033936	-0.5902531539878386
zoxazolamine	Prestwick	-0.855512880024144	-0.5906521585773937
lymecycline	Prestwick	-1.5107375811586918	-0.5954775544137998
cefozopran	Prestwick	0.3576705927831349	-0.599746170648429
perphenazine	Prestwick	0.3173204597325867	-0.6030761457572253
minoxidil	Prestwick	-0.444503608321219	-0.609585781885029
primaquine	Prestwick	-0.2182187897445074	-0.6102130562106138
phentermine_hydrochloride	Prestwick	-1.03899079606204	-0.6137353175073595
clindamycin_phosphate	Prestwick	0.0491094175456524	-0.6142949497259449
tazobactam	Prestwick	-1.1157732544769463	-0.6159577888479917
sulbenicillin	Prestwick	-0.3863383418025736	-0.617575431094314
iocetamic_acid	Prestwick	-1.1310917456010516	-0.6178061636639874
isoetharine	Prestwick	-0.234452185873622	-0.6189738345577857
praziquantel	Prestwick	1.0000075875384655	-0.6193004007589094
milnacipran_hydrochloride	Prestwick	-0.706703107984022	-0.6198933354813657
morantel_tartrate	Prestwick	-0.6258691928813984	-0.6208467281721045
besifloxacin_hydrochloride	Prestwick	0.6810916056922749	-0.6213433712612305
mercaptopurine	Prestwick	-1.4605070257486037	-0.6218652397915325
montelukast	Prestwick	1.8456748160597571	-0.6224810314023824
iopromide	Prestwick	-1.393808611813331	-0.6232204761936277
nalmefene_hydrochloride	Prestwick	0.6356055912334492	-0.6239100430263836
antazoline_hydrochloride	Prestwick	0.0062058112797112	-0.6240144087581238
amiprilose_hydrochloride	Prestwick	-0.6215591405979113	-0.6254184173705768
pyrazinamide	Prestwick	-1.821803780185268	-0.6259561146728536
avanafil	Prestwick	0.2605732667227879	-0.6269013584081852
denatonium_benzoate	Prestwick	0.2186435274624103	-0.6271503554947556
desloratadine	Prestwick	-0.1309321596256057	-0.6280066165280255
spiramycin	Prestwick	-3.2702703218857083	-0.63105962121851
dropropizine	Prestwick	-0.5270044429439505	-0.6315647633559618
maprotiline_hydrochloride	Prestwick	-0.027963908573495	-0.6320415080763476
fendiline_hydrochloride	Prestwick	1.0378888840457274	-0.6320567526956005
cefoperazone_dihydrate	Prestwick	0.2969979110537082	-0.6322730004819943
valethamate_bromide	Prestwick	-0.2621877142790652	-0.6346939399389614
tulobuterol_hydrochloride	Prestwick	-0.5852247833638572	-0.6397873985125277
tetrahydrozoline_hydrochloride	Prestwick	-0.0714192101431217	-0.6418412206946722
ivabradine_hydrochloride	Prestwick	0.8762786573696589	-0.6430266291956327
carbamazepine	Prestwick	0.6291496681678609	-0.6454971408754591
timonacic	Prestwick	-2.0393923030746315	-0.6468487178729113
benactyzine	Prestwick	-0.0288088470738459	-0.6519585198529483
floxuridine	Prestwick	-0.2369622244318298	-0.6522160038227037
isaxonine	Prestwick	-1.3873201431549906	-0.6548286362711395
dipivefrin_hydrochloride	Prestwick	-0.2247169082562599	-0.6548914110573446
trihexyphenidyl	Prestwick	0.2764902406313623	-0.6549784073495319
asenapine_maleate	Prestwick	-0.0170735525499662	-0.6551019552955466
methapyrilene_hydrochloride	Prestwick	-0.9496724524851834	-0.6562197407464219
rimonabant	Prestwick	0.0981091861721406	-0.6563255410621601
dyphylline	Prestwick	-0.4018090289923381	-0.658799141742221
gbr_12909_dihydrochloride	Prestwick	1.5899477771579853	-0.6588026813646329
pipenzolate_bromide	Prestwick	0.3692159905878833	-0.6592169269178717
quinacrine	Prestwick	0.1489447093142356	-0.6610138106671133
temocapril	Prestwick	0.3062989675203026	-0.6627855737162341
amifostine	Prestwick	-1.7588959854077844	-0.6630188414285054
escitalopram_oxalate	Prestwick	-0.2145994886862675	-0.6683526138697261
idazoxan_hydrochloride	Prestwick	-0.3046719502387782	-0.6700707023025143
gatifloxacin	Prestwick	0.1937221800148824	-0.6724162185411483
ticagrelor	Prestwick	0.9008313023750762	-0.6735178922776088
n6-methyladenosine	Prestwick	-0.0347952892164605	-0.6736371557741374
meropenem	Prestwick	0.6170866992102418	-0.675678396688404
mebanazine	Prestwick	-1.102081360111885	-0.6780931276135171
hycanthone	Prestwick	0.0770975447690944	-0.6862447417637663
trimethobenzamide_hydrochloride	Prestwick	0.1792648219164751	-0.6866083223195776
tropicamide	Prestwick	0.1091987774732369	-0.6886139020453925
tocainide_hydrochloride	Prestwick	-0.6518349692154868	-0.6890948097586537
cinnarizine	Prestwick	1.1165376179819178	-0.689175894603437
niacin	Prestwick	-1.457537747958363	-0.6903859814248576
olopatadine_hydrochloride	Prestwick	0.5580651923427848	-0.6918421157534247
dimaprit	Prestwick	-2.00570446764969	-0.6932780175202734
nisoxetine_hydrochloride	Prestwick	-0.1868925701495246	-0.6935637441924606
cycotiamine	Prestwick	0.1880261158955102	-0.6938908155610346
nicardipine_hydrochloride	Prestwick	0.9233329606083188	-0.6996214279284476
thioproperazine	Prestwick	0.4036732518083378	-0.7000931004021236
levonordefrin	Prestwick	-0.5341996798898786	-0.7028614506854673
emtricitabine	Prestwick	-0.4418081503343346	-0.7035742288347219
nortriptyline_hydrochloride	Prestwick	0.0557743782975677	-0.7048093331171529
carbarsone	Prestwick	-0.8042732975914277	-0.7073065732945751
perindopril	Prestwick	0.0054606152281183	-0.7098510998739472
valganciclovir_hydrochloride	Prestwick	0.3768954221395259	-0.7139924969619783
zimeldine_hydrochloride	Prestwick	-0.144755246739621	-0.7153631486882099
cladribine	Prestwick	-0.0074956898009769	-0.7155038944545696
proglumide	Prestwick	-0.0502029899297193	-0.7170750785940885
amlodipine	Prestwick	-0.875828836315659	-0.717878696201007
isopyrin_hydrochloride	Prestwick	0.1431534400697357	-0.7183661733708806
spaglumic_acid	Prestwick	-0.3795110541520402	-0.7247607437970137
metaraminol_bitartrate	Prestwick	-0.6741331477889576	-0.7271667061293405
lisuride	Prestwick	0.235267273346055	-0.7279985111840183
dicloxacillin	Prestwick	0.0198243058854889	-0.7309455834803934
meclozine_dihydrochloride	Prestwick	1.2991726417189335	-0.7324191150893312
lobenzarit	Prestwick	0.649442480056754	-0.7334157608416877
isopropamide_iodide	Prestwick	-0.5974455169909919	-0.7348435238192199
flunixin_meglumine	Prestwick	-1.37236672309988	-0.7352167107879278
zoledronic_acid	Prestwick	-1.484887759454184	-0.7355651112271427
guanethidine_sulfate	Prestwick	-1.0188310700188563	-0.7375520458943309
mitomycin	Prestwick	-0.3229228310641366	-0.7393962952926606
flecainide_acetate	Prestwick	0.8523067143705553	-0.7422539427496447
levocarnitine	Prestwick	-1.8519763367240232	-0.7430368403005947
metronidazole	Prestwick	-1.3372186316819006	-0.7459691242390392
iopamidol	Prestwick	-1.488262326210007	-0.7463694635415553
terconazole	Prestwick	1.1991318911846995	-0.7478264613996486
bepridil_hydrochloride	Prestwick	0.128311714887045	-0.7482931285091576
homatropine	Prestwick	0.3011806788507152	-0.7528535653682841
hydralazine_hydrochloride	Prestwick	-0.4939413432842574	-0.7559915185890325
propidium	Prestwick	0.0980986805924352	-0.7584135991593213
amphotericin_b	Prestwick	-22.050645198828285	-0.7600892486802778
mepenzolate_bromide	Prestwick	0.4358791675377964	-0.7607321961987238
raclopride	Prestwick	-0.0484152374952998	-0.7621111769485702
tracazolate	Prestwick	-0.3140385556096635	-0.7661926089822458
nikethamide	Prestwick	-1.1361946554155935	-0.7663847185027108
etifenin	Prestwick	-0.2009117960427076	-0.7676168758808803
bergenin	Prestwick	-0.0613146200845973	-0.7676965735115501
octopamine_hydrochloride	Prestwick	-0.9649127173842296	-0.7684150733762845
opipramol	Prestwick	0.5317756508685931	-0.7705242960960046
atropine	Prestwick	-0.022166778458063	-0.7716863759637974
streptozosin	Prestwick	-0.3624572335179239	-0.7718839112945042
lanoconazole	Prestwick	-0.7959983750734451	-0.7734396014321715
selegiline_hydrochloride	Prestwick	-0.8194635882500672	-0.773480288389178
phenylpropanolamine_hydrochloride	Prestwick	-0.8324207241299031	-0.7754275036802837
tridihexethyl_chloride	Prestwick	-0.3745133451761392	-0.7755312413481015
lopinavir	Prestwick	1.113384372846513	-0.7767394391235257
pyrithyldione	Prestwick	-1.2842945590441477	-0.7775878781380724
procyclidine_hydrochloride	Prestwick	0.1070828574175144	-0.7801336696985711
prilocaine_hydrochloride	Prestwick	-0.3651178354722494	-0.7803056286796146
oxethazaine	Prestwick	0.522386290330496	-0.7823472914893531
heptaminol_hydrochloride	Prestwick	-1.5110459045447149	-0.7837703680969412
ibandronate_sodium	Prestwick	-1.0552746736208307	-0.7837782946802001
clofilium	Prestwick	-0.3281366509457195	-0.7841087252269975
azatadine_maleate	Prestwick	-0.3325543298853511	-0.7876906220952278
trifluoperazine	Prestwick	0.928085234462554	-0.7877331436559966
cyclosporin_a	Prestwick	-50.14689527163919	-0.7880367123715223
dexfenfluramine_hydrochloride	Prestwick	-0.3022660872249216	-0.788665529696716
dexrazoxane_hydrochloride	Prestwick	-0.1410745943830848	-0.7927601180495085
manidipine_dihydrochloride	Prestwick	1.096983844612372	-0.7927944293839592
cisatracurium_besylate	in_vitro_inactive	-0.5424193150465978	-0.7957199509515133
azacyclonol	Prestwick	0.0624455530057378	-0.7961119775657195
doxazosin_mesylate	Prestwick	1.4630972485798996	-0.796405105821374
eprosartan_mesylate	Prestwick	0.3740618955277018	-0.7978688324854072
tripelennamine_hydrochloride	Prestwick	-0.458195674596856	-0.8028225356654479
cinepazide	Prestwick	0.8213625507794535	-0.8032405169662786
altretamine	Prestwick	-1.72351368277625	-0.8078070420457607
perhexiline_maleate	Prestwick	0.292777272997798	-0.8103171570089662
cetirizine	Prestwick	0.3725072311624564	-0.8107211569696395
hydroxyzine	Prestwick	-0.1249130275661663	-0.8109882637574131
minocycline_hydrochloride	Prestwick	-2.184784537309353	-0.811596967101219
fexofenadine_hydrochloride	Prestwick	2.1211681528343207	-0.8161465799309778
atomoxetine_hydrochloride	Prestwick	0.0499896811490699	-0.8166291346999883
buformin	Prestwick	-1.4701036836064096	-0.8246821361134202
zopiclone	Prestwick	0.147694624874565	-0.828354340619812
tobramycin	Prestwick	0.2428220869256344	-0.8305314293198308
ranolazine	Prestwick	1.2094388875017743	-0.8386403925511234
pridinol	Prestwick	0.3751474769688425	-0.8393842540092301
dilazep	Prestwick	0.0500402421566616	-0.8444181642313418
darunavir	Prestwick	0.5615171580611994	-0.8451828744395599
palonosetron_hydrochloride	Prestwick	0.3953438874563778	-0.8453552272171321
flucytosine	Prestwick	-1.5000623175191568	-0.8476472654247033
florfenicol	Prestwick	0.0820501463112538	-0.858642053646324
indatraline_hydrochloride	Prestwick	0.6519409027481977	-0.8590191843600204
aztreonam	Prestwick	-0.1962752920525225	-0.8631192154184476
diosmin	Prestwick	1.1958542597478778	-0.8633337588665264
benzethonium	Prestwick	0.575984518405209	-0.8637196617641554
fosfosal	Prestwick	-0.2725458644565015	-0.8668820073282001
cepharanthine	Prestwick	-7.312310904066819	-0.8676357415209557
mibefradil	Prestwick	1.2804139017385316	-0.8746031552377967
amprenavir	Prestwick	0.4304642236965257	-0.8784214463928975
pralidoxime_chloride	Prestwick	-1.3165136181553394	-0.88217285972974
pizotifen_malate	Prestwick	-0.099446254407992	-0.8849526682410992
trimetazidine	Prestwick	-0.5939782351144438	-0.8891048926681269
carbazochrome	Prestwick	-0.1944791362145853	-0.8917009053877493
moroxidine_hydrochloride	Prestwick	-1.33976390893362	-0.904461726714904
serotonin_hydrochloride	Prestwick	-0.5649212405263458	-0.9046092576030316
chlorcyclizine_hydrochloride	Prestwick	-0.0465549759195853	-0.9053054130553811
racepinephrine_hydrochloride	Prestwick	-0.6971410934421012	-0.9229433977846616
tetracycline_hydrochloride	Prestwick	-1.7771618470619213	-0.9236579634936534
imidurea	Prestwick	0.7717138264892615	-0.9298464048240436
aprepitant	Prestwick	1.3616434727942537	-0.930568681403133
fluphenazine	Prestwick	0.5677590096327922	-0.9322996099412492
pilsicainide	Prestwick	0.1344317226977839	-0.9377184164937946
triamterene	Prestwick	0.3699245537229935	-0.9478237982763952
thioguanosine	Prestwick	0.1845185372381261	-0.9486393858253228
cytarabine	Prestwick	-0.3033682296356297	-0.9515195931048248
azacitidine	Prestwick	-0.2439561870598541	-0.9537237640040694
betahistine	Prestwick	-1.4487784525263814	-0.9543500706994074
lisinopril	Prestwick	0.4994983086132581	-0.956645880199687
ambrisentan	Prestwick	0.2175795203723012	-0.961094321015663
ceforanide	Prestwick	1.1742500143862091	-0.9617891460312183
yohimbine_hydrochloride	Prestwick	0.9104999901246142	-0.9640786601431764
diphenidol_hydrochloride	Prestwick	0.4859893829934096	-0.96593625612092
doripenem	Prestwick	0.5289980803741825	-0.967563099431514
piperacetazine	Prestwick	0.7488947586737782	-0.9723579658614466
mepivacaine_hydrochloride	Prestwick	0.0842411419423339	-0.9760671635176156
linagliptin	Prestwick	0.5864580915143311	-0.9779319329259362
lysergide	Prestwick	0.6403824308304784	-0.987203113818884
zanamivir	Prestwick	-0.3898118461543619	-0.988508055912044
betazole_hydrochloride	Prestwick	-1.9474579203808924	-0.9966412139265504
metformin_hydrochloride	Prestwick	-1.9438489685925928	-0.9968570455445982
dalfampridine	Prestwick	-2.159152256174332	-0.9984871142092314
lorglumide	Prestwick	0.1434361368733549	-1.0069647363074408
sisomicin_sulfate	Prestwick	0.0026127786473422	-1.0085192292683818
penciclovir	Prestwick	-0.3451829467485651	-1.0090281697279222
trehalose	Prestwick	-0.0157626592163151	-1.0106750575776149
meglumine	Prestwick	-1.37236672309988	-1.0188713518022012
dihydrostreptomycin_sulfate	Prestwick	-0.0933818160857555	-1.0207904312063767
demeclocycline_hydrochloride	Prestwick	-0.5534985054709556	-1.0321056028188464
pinaverium_bromide	Prestwick	0.1022200369347766	-1.038452423325018
tolterodine_tartrate	Prestwick	0.3919576445310841	-1.0463225280551305
abacavir_sulfate	Prestwick	0.4484440029683311	-1.0482901116347978
silodosin	Prestwick	1.0131203839848564	-1.051667075357698
diatrizoic_acid	Prestwick	-1.1992060458211131	-1.0685812049402874
nefazodone_hydrochloride	Prestwick	1.1713876554090432	-1.0757887144697749
enalaprilat	Prestwick	0.6566907269667213	-1.089419606976306
clindamycin_hydrochloride	Prestwick	-0.2849885883995843	-1.092684732135044
apramycin	Prestwick	0.518284557908205	-1.0993886655205898
indinavir_sulfate	Prestwick	1.0188104763749015	-1.1080159318207743
timolol	Prestwick	-0.3971046299837966	-1.11017665650317
benzethonium_chloride	Prestwick	0.575984518405209	-1.1284764687234632
thioguanine	Prestwick	-1.2967485179052187	-1.1299869163235616
lodoxamide	Prestwick	-0.5077119963964003	-1.1363771461285062
vitamin_b2	Prestwick	0.3526885541756077	-1.1380007957845968
nelarabine	Prestwick	0.1152108334256534	-1.1433640045382911
cyromazine	Prestwick	-1.0318024075013277	-1.1456363541071626
pentetic_acid	Prestwick	-0.4537669455958175	-1.1482416304954572
inosine	Prestwick	-0.0570931098965834	-1.155523239048413
astemizole	Prestwick	1.4875229475670475	-1.1644640051618478
histamine_dihydrochloride	Prestwick	-2.047514247562896	-1.1677416406576075
netilmicin_sulfate	Prestwick	-1.2604552228262298	-1.1791004224163668
sapropterin_dihydrochloride	Prestwick	-0.2493257009299292	-1.1879957662039355
rifampin	Prestwick	-32.83030112442459	-1.191148206924323
entecavir	Prestwick	0.1114076157103064	-1.2021535410427644
vancomycin_hydrochloride	Prestwick	-55.05557950394012	-1.2151382272812248
colistin_sulfate	Prestwick	-0.5858393868603525	-1.2209535756528418
gallamine_triethiodide	Prestwick	-1.150278790657032	-1.2212678666841512
dipyridamole	Prestwick	-1.981149075948957	-1.221627596028528
pentolinium	Prestwick	-1.0905888605521326	-1.2346585601144713
hesperidin	Prestwick	1.05750209732063	-1.2398992199501118
imipenem	Prestwick	-0.4004133757858431	-1.2610482680256347
neomycin_sulfate	Prestwick	0.1321329264525431	-1.3031536730421638
ribavirin	Prestwick	-0.4883359946163259	-1.3100847814142098
chlortetracycline_hydrochloride	Prestwick	0.3003140062871918	-1.355655867332441
fludarabine	Prestwick	0.0056475449377464	-1.360876397605142
ceftibuten	Prestwick	-0.0132972226037933	-1.39951537292535
mizoribine	Prestwick	-0.2700250389385853	-1.4031962380801644
paromomycin_sulfate	Prestwick	-0.1768415998619232	-1.4238446917027576
acarbose	Prestwick	0.3221714880688039	-1.4405897981285394
spiramycin	Prestwick	-3.2702703218857083	-1.442885475043784
beta-escin	Prestwick	-0.8581988944075972	-1.53825641082164
bucladesine	Prestwick	0.2487610278423744	-1.5432386699233502
vidarabine	Prestwick	-0.0439243946349748	-1.5694522216004605
ribostamycin	Prestwick	-0.5240036190059602	-1.5762657590553537
adenosine	Prestwick	-0.0299820905372238	-1.597298223661543
viomycin_sulfate	Prestwick	-4.94584882838848	-1.6119167242371173
streptomycin_sulfate	Prestwick	-0.5732159415709847	-1.6423517449456506
amikacin	Prestwick	-0.1564914168243621	-1.6428974625973034
hydrochloric_acid	Prestwick	-4.349851821418369	-1.6460913022068795
bacitracin	Prestwick	-0.3819207847800857	-1.6460913022068795
bromide	Prestwick	-4.344638329883068	-1.6460913022068795
sodium_chloride	Prestwick	-4.350237499100424	-1.6460913022068795
thiostrepton	Prestwick	-71.34177716973862	-1.6460913022068795
